Name,Comment,Time,Likes,Reply Count,Label
Maratur Sinaga,Sebelah yg banyak bendera HTI,2022-02-04T05:54:15Z,0,0,ham
Thomas Cool,sehat selalu sampe 2024 Jokowi,2022-02-03T01:58:12Z,0,0,ham
Juan Gaming,"Satu yg aq sayangkan ,, aq gak kelihatan padahal aq ada disana ğŸ¤£ğŸ¤£ğŸ¤£ğŸ¤£ğŸ¤£",2022-01-20T16:25:27Z,0,0,ham
Nur Sepudin,Aku yg da di situ jha merinding sneng y luar biasa... pdhal qu dtng ke GBK sendirian krna qu cinta pak Jokowi...smpe qu libur krja dn dept SMA bos qu krna bos qu plihan y pak prbowo,2022-01-13T20:59:10Z,0,0,ham
Opik Rahayu,Sagala marahal.riet,2022-01-11T23:28:12Z,0,0,spam
Dendy Reyhan,"BERPRESTASI, KERJA NYATA, membangun negri ini...beliau adalah bapak Jokowi dan sepantas nya di sapa dgn bapak Pembangunan, bapak Jokowi msh yg terbaik mnjdi pemimpin negri ini dlm sejarah bangsa IndonesiağŸ‘",2022-01-09T21:14:09Z,0,0,ham
Mas hardi,"P jokowi orangnya rendah diri baik,bisa menyatukan orang kecil besar .pantas di pilih ,jugabisa merangkul masyarakat dari sabang sampai merauke.guueesss?",2022-01-05T12:07:46Z,0,0,ham
Mas hardi,"P jokowi memang jenius,smart ,optimis indonesia maju.",2022-01-05T11:52:34Z,0,0,ham
Mas hardi,Dengan perbedaan kita kita akan bersatu membangun negri.,2022-01-05T11:44:22Z,0,0,ham
Mas hardi,"Putih itu suci ,putih bersatu untuk negri.",2022-01-05T11:30:26Z,0,0,ham
Abdullah Fakih Fakih,Jadi semua kuminta yang ada diindonesia jalan yang lurus ini dingat2 iya assalam mualaikum,2021-12-31T16:21:51Z,0,0,ham
Abdullah Fakih Fakih,JADI GAES SUDAH LIHAR SEMUA YANG ADA ARTIS TETAP BISA SEMENGAT COSER INI NAK TALIHAT TETAP HARUS BISA SEMUA BISA SEMANGAT GAES TRIMA KASI SEMUA ARTIS ASSALAM MUALAIKUM,2021-12-31T16:07:00Z,0,0,spam
Abdullah Fakih Fakih,JADI SEMUA KUMINTA JADI SATU ITU BISA KUAWAT SENG PENTING KUMINTA GAK BOLEH PECAH BELA KARNA APA JADI SATU YANG ADA DIINDONESIA TUMBUH MAJU RUKUN CANTA DAMAI LABANG PACASILA,2021-12-31T16:01:39Z,0,0,ham
Abdullah Fakih Fakih,INI GAES MAU ANGKAT BICARA YANG ADA TAUN BARU SEMUA YANG ADA KUMINTA TAHUN BARU SEMUA YANG ADA PERBARUAN TAHUN 2O22 INI,2021-12-31T15:55:22Z,0,0,spam
Abdullah Fakih Fakih,INI GAES MAU BICARA YANG ADA SEMUA SUDAH TALIHAT SEMUA YANG ADA DUSINI APA YANG DIUCAPKAN SEMUA KUMINTA MARILAH SEMUA BISA BERSATU YANG ADA DIINDONESIA TUMBUH MAJU DAMAI TETAP HARUS SEMANGAT SEMUA YANG KEJA DIBAWAH SEMUA KEMENTRIAN SEMUGA TAUN DEPAN YANG LEBIH BAIK ASSALAM MUALAIKUM,2021-12-31T15:51:42Z,0,0,ham
Pielah 39,Keren abis,2021-12-28T15:29:33Z,0,0,ham
Pielah 39,Mantap pak Jokowi keren,2021-12-28T15:28:48Z,0,0,ham
Farheen Zea,Aa,2021-12-25T18:49:04Z,0,0,spam
aden andelumut,Masih merinding kalo nonton ini,2021-12-16T05:25:55Z,1,0,ham
Andi Reza Kpk,"Itu tribun paling atas bnyk yg kosong bangkunya, katanya banyak ğŸ¤£ğŸ¤£ğŸ¤£",2021-12-01T07:47:12Z,0,0,spam
Syaiful Bahri,"Pak Anies , the next RI1 2024 ....Aamiin",2021-11-30T14:49:23Z,0,0,ham
Riano Riano,"Buktinya sampe sekarang kita banyak utang luar negeri ngeriiii,,,,,,,",2021-11-23T10:32:12Z,0,0,ham
rio sadigo,Butkyinya sekarang merata bersama jokowi Indonesia maju,2021-11-16T01:01:38Z,1,0,ham
rio sadigo,Seumur hidup dong Jokowi,2021-11-16T00:52:46Z,1,0,ham
Nicodemus Djawa,Sudah pasti menang dua periode lagi,2021-11-14T04:43:58Z,0,0,ham
Nicodemus Djawa,Hanya  Bapak Haji Jokowi Dodo berdoalah selalu buat BPK Jokowi,2021-11-14T04:22:12Z,0,0,ham
sudi Otaku,Kompak ini lah NKRI,2021-10-27T10:40:33Z,0,0,ham
Yard Bakkara,Lagu yg di nyanyikan pertama kali judul nya apa yah,2021-10-08T17:43:40Z,0,0,ham
Sady R Langga,Sehat selalu pak jokowi presiden kita,2021-10-01T20:31:33Z,0,0,ham
Rudi Suardi,Terus dkng jokowi 3 periode,2021-09-18T17:12:21Z,0,0,ham
Siti Tambunan,Mirip.  Sukarno berpidato. IQ master.  Master bicara ( humoris/romantis),2021-09-12T06:45:56Z,0,0,ham
Dody,"Spectacular melebihi apapun yang pernah terjadi di dunia termasuk konser musik, saya salah satu orang yang beruntung berada di dalam.",2021-08-11T10:07:47Z,0,0,ham
Titan Mada,G bosen2 liat kampanye artis2,2021-07-22T11:46:11Z,0,0,ham
Julfan Ubaidillah,Yg gw tangkap ulama ulama nya bukan kaleng kaleng nih,2021-07-15T09:18:54Z,2,0,ham
Herman Lukas,YG  TRBAIK   SOKONG  BAPAK  JOKOWIDODO    INGINLAN  NEGARA  MAJUH  JAYA.,2021-07-14T14:17:07Z,0,0,ham
okta renaldy,Bohoooooooongg,2021-07-04T07:35:35Z,0,0,ham
Fuan Futri,Pertama kali masuk GBK demi Jokowi dan indonesia maju,2021-07-03T07:51:45Z,0,0,ham
Rusmansyah Oman Oman,Kampanye 01 di GBK mantap hebat keren sekali,2021-06-22T15:30:59Z,1,0,ham
Tiara Nabillah,"Ya bapak jokowi
Maju terus",2021-06-12T17:00:40Z,0,0,ham
Abdullah Fakih Fakih,Iya doakan semuaga diberakati alloh yang berjalanan yang lurus dengan baik 2,2021-05-30T13:19:26Z,1,0,spam
Abdullah Fakih Fakih,Iya yang ada dalam majenis upacara bicara buat bpku sediri gk apa2 kitat bersama kita terbaru nya,2021-05-30T13:16:12Z,0,0,spam
Abdullah Fakih Fakih,Ini dj mau bilang kuminta seng penting jaga cofek 19 iya jaga kesehatan ini penting,2021-05-27T06:13:33Z,0,0,spam
Abdullah Fakih Fakih,Semua yang ada diruangan yang disini semuaga bersama doakan semua harus jaga kesihatan ini,2021-05-27T06:10:36Z,0,0,spam
Abdullah Fakih Fakih,Ada yang dibelitong sama aca ayo ko renda ini kuminta ekonomi tekat lah,2021-05-27T06:07:14Z,0,0,spam
Wan Irawan,Semoga sehat selalu bapak presiden ku tercinta ....Jokowi is the best,2021-05-10T11:15:16Z,0,1,ham
TLKVRIMES.54,Semoga jokowi cepet lengser dan mati,2021-05-27T05:18:10Z,0,,ham
Hasian Debata,Siapa tahun ini yang masih melihat video akbar ini,2021-05-09T08:23:07Z,11,0,ham
Mutiara Cute,"Tetap merinding saya klo melihat video ini,tetap dukung Pak Jokowi Taiwan hadir pak deâ¤ï¸â¤ï¸â¤ï¸â¤ï¸ğŸ‡²ğŸ‡¨ğŸ‡²ğŸ‡¨ğŸ‡²ğŸ‡¨ğŸ‡²ğŸ‡¨ğŸ‡²ğŸ‡¨",2021-05-05T09:42:16Z,0,0,ham
Gregorc Pie,Najiss,2021-05-03T10:07:57Z,0,0,ham
aichiro,Ekonomi terkuat wkkkk,2021-05-03T00:03:44Z,0,0,ham
Gerhana Bulan,Rakyat sudah menunjukkan powernya untuk mendukung bapak Jokowi dan bapak makruf amin siapa yang bisa mengalahkan suara rakyat karna suara rakyat adalah suara yang diridhoi Allah,2021-05-01T12:23:14Z,0,0,ham
Roberto Hastian,Ruar biasa Jokowi untuk Indonesia majuğŸ‘,2021-04-25T15:54:52Z,0,0,ham
Pecinta Habib Bahar 212,"Trimaksih METRO TV TELAH MENUNJUKAN ARTIS MANA AJA YG DUKUNG JOKOWI,, conto saya asalnya suka si andre dan si nunung tpi stlah lihat video ini, saya jdi benci jiji ilfil ke s nunung dan si andre,, makin hati hati saya skrg pilih artis idola, tapi lebih baik dan lebih aman dri pada idolain artis mending idolain baginda nabi â¤ï¸",2021-04-25T00:47:33Z,0,0,ham
Jeffry Putrasibarani,ARTIS,2021-04-17T09:11:02Z,0,0,spam
Abdul Kholid,Baa rokalloh aamiin wass wr wb,2021-04-14T14:52:09Z,0,0,ham
Abdul Kholid,Yaa alloh semoga engkau berikan kesadaran hati bagi bangsaku ini untuk  bersatu atas  jasa pemerintah untuk rakyatnya barokallah aamiin wass wr wb,2021-04-14T14:50:49Z,1,0,ham
fajar irawan ethenkk,Di situ ada gua ğŸ˜,2021-04-09T05:15:04Z,0,0,ham
Asroma Totti,Tolak.bendera hitam tolak KHILAFA,2021-04-08T05:16:11Z,0,0,ham
Netral manggala Sanjaya,thn 2019,2021-04-06T14:41:10Z,0,0,ham
Apin Channel,"2021 ttap merinding ya allah ..
Jokowi memang kerja nyata ....
Semoga pak Jokowi Di Beri Kesehatan Slalu Ya Allah Aminnn......",2021-04-04T19:28:51Z,1,0,ham
Feby Puji Lestari,"Lewat lagi di beranda, Nontonin ini lagi di 2021 !",2021-04-04T02:59:44Z,0,0,ham
Rido Iwe,"Awal nnya Tim Kadrun dn Kampret penuhi GBK  dgn bangganya paling terakbar ,wikkkk di belakangan Tim jokowi Lebih fullllll.. lalu meranah lah si kadrun dn si kampret lalu kalah di Pilpress tambah sakit hati..wikk wikkk dasar nasib mu hitam kadrun...elu cocok nya di timur tengah sana bantu palestina dan suriah,afghan  lawan saudara saudarama perang saudara.. wikk wikk,ini adalaj sejarah  indonesia yg tak terlupakan sepanjang masa berdirinya NKRI.",2021-04-02T06:49:23Z,0,0,ham
A Lina Sri Pristiwani,"Semakin kesini sini,  pendukung mengalir seperti air deras, ga bisa dibedung.
Saat ini 2021 Indonesia  Timur sudah dipasti  kan 99% dukung pemerintah Jokowi, 
Yang lain2  90%  dukung pemerintah Jokowi. 
Andaikata saat ini 2021 pemilihan wauuuuu... alhamdullihan dipastikan 85%  
JOKOWI MANTAP
NKRI KUAT
INDONESIA MAJU
AMIN...ğŸ™ğŸ½ğŸ™ğŸ½ğŸ™ğŸ½",2021-03-30T14:45:53Z,0,0,ham
A Lina Sri Pristiwani,"Wauuuuu putih bersatu
seputih hati pak Jokowi",2021-03-30T14:26:05Z,0,0,ham
FILM FAVORIT,Kebanyakan iklan babi !!,2021-03-29T20:42:15Z,0,1,spam
Ari Idrianto,Iya bro. Iklannya parah wkwkwkwk,2021-04-04T16:19:02Z,0,,spam
abid star 96,Wajar pk jokowi menang liat kampanye nya aja se GBK,2021-03-29T13:33:07Z,0,0,ham
dika imut,ya allah merinding  â¤â¤ğŸ‘ğŸ‘ğŸ‘ğŸ‘ğŸ¤²ğŸ¤²,2021-03-29T07:45:28Z,2,0,ham
Elida Berliana,"Merinding ingat suasana ini,jalan kaki dari tempat parkir yang sudah ditentukan lumayan jauh,terik matahari gk membuat wajah jadi sangar tetap damai berseri.
Sepanjang iring iringan dari berbagai tempat sekitar Sudirman,senayan bahkan ada yang lebih jauh semua sangat excited, Semangat.!
Semua yang hadir diluar maupun didalam gedung GBK tetap sabar mengikuti acara yang molor waktunya demi menantikan kehadiran JOKOWI,sampai acara selesai.
Sejarah Membuktikan Jakarta Putih Berseri.
Semoga Bapak Presiden selalu dalam lindungan Allah dan seluruh Rakyat indonesia,Maju dan Lebih Baik dari Kemarin.
Amin.  ğŸ‘Œ",2021-03-27T04:33:59Z,7,0,ham
kemal fatah,"Merinding dan bangga
Gak sia "" aku koar "" mndukung bpa jokowiğŸ˜¢",2021-03-25T05:12:33Z,5,0,ham
Andi Firdaus,Saya hadir di GBK saat itu â¤ï¸ğŸ‘ğŸ‘ğŸ‘ğŸ‘ğŸ‘,2021-03-24T16:03:30Z,0,0,ham
Fathul Bari,Sebelum negara api menyerang. Saya termasuk di dalamnya ğŸ‡®ğŸ‡©,2021-03-20T13:23:34Z,0,0,spam
Muhammad Rangga,Bismillah irohmanirrahim assalamuallaikum wr wb. Kami dri Kalteng Kuala Kapuas dukung bapa Jokowidodo presiden RI pilihan rakyat Indonesia ğŸ‡®ğŸ‡© amin ya rabbalallamin ğŸ¤²ğŸ¤²ğŸ¤²ğŸ‡®ğŸ‡©ğŸ‡®ğŸ‡©ğŸ‡®ğŸ‡©ğŸ‡®ğŸ‡©ğŸ‘ğŸ¿ğŸ‘ğŸ¿ğŸ‘ğŸ¿ğŸ‘ğŸ¿ğŸ‘ğŸ¿ğŸ‘ğŸ¿ğŸ‘ğŸ¿ğŸ‘ğŸ¿ğŸ‘ğŸ¿ğŸ‘ğŸ¿ğŸ‘ğŸ¿ğŸ‘ğŸ¿ğŸ‘ğŸ¿ğŸ‘ğŸ¿ğŸ‘ğŸ¿ğŸ‘ğŸ¿ğŸ‘ğŸ¿ğŸ‘ğŸ¿ğŸ‘ğŸ¿ğŸ‘ğŸ¿ğŸ‘ğŸ¿ğŸ‘ğŸ¿,2021-03-19T16:22:30Z,0,0,ham
Yasallam,1:11:57 Indahnya Toleransi ğŸ¥ºâ¤ï¸â¤ï¸,2021-03-19T07:34:43Z,2,0,ham
Yasallam,Merinding ğŸ¥ºğŸ¥º,2021-03-19T04:05:15Z,2,0,ham
nonik Arek Suroboyo,Akhirnya pk  Jokowi tetep presiden kita ğŸ‘ğŸ‘ğŸ‘ğŸ‘ .,2021-03-17T00:04:07Z,0,0,ham
Arsya Milenofa,5 menit 4 iklan !!,2021-03-16T14:24:26Z,1,0,ham
Vanov Al fatih,"Jadi inget Hp ku hilang n ketabrak motor, hehehehe aku iklas kan semua buat rasa puasku dukungan untuk jokowi",2021-03-15T17:15:29Z,0,0,ham
kula hulap,"Jay,,subiakto   ,,tata panggung nya ajiiib",2021-03-14T16:18:49Z,0,0,ham
kula hulap,"Sejati nya Indonesia,,,sabang sampai merauke,,g sampai ke gurun pasir, xi,,xi",2021-03-14T16:06:09Z,0,0,spam
gepe cel96,Alhamdulilah hadir di gbk,2021-03-13T03:47:53Z,1,0,ham
erni alfia,Lautan  manusiaa,2021-03-12T02:52:24Z,0,0,ham
Andre Aski,Yg perna rencana ikut acara ini tapi gagal angkat tanganya ğŸ˜©ğŸ˜© termasuk gueeeğŸ˜©ğŸ˜©,2021-03-11T09:39:02Z,0,0,ham
Lubis Cr,Sehat selalu pak Jokowi,2021-03-07T18:37:20Z,0,0,ham
Putra Selamat,"Jokowi jagoannya wong solo.segalanya ga bisa di sebutkan dgan satu per satu,yg yiyir terus tlg bkak mata dan hati mu, sholat terus ibada terus ga da gunanya,klw kerja ny slalu kritik malu,mending ga usah ibadah aj,diam ia ga sah cri kesalahan org,taw pitnah n hoax,yg sabar y pak, Allah ga tidur,smga Allah bersama kita smua,d Berikan kshtan amin yrb.ğŸ™ğŸ™ğŸ‘â¤ï¸",2021-03-03T17:43:22Z,1,0,ham
SANTRI channel,"Slank jadi ciut semenjak kepeminpinan s Jokowi
Dulu macam macan sekarang macam gajah tanpa taring .",2021-03-03T00:12:34Z,2,0,ham
Reyhan muamar S.,2021 pengin lihat pakdhe.ğŸ¥ºğŸ˜¢,2021-03-02T15:57:38Z,0,0,ham
Shela Marta,Sy di d sana...jdi sakti btp meriahnya kmpanye pak jokowi ..,2021-02-28T00:48:57Z,0,0,ham
Hari Sukram,Saya alhamdulilah pernah satu panggung di sini di senayan .,2021-02-26T20:34:12Z,1,0,ham
Benny Hutadjulu,Hadir pada saat itu di Gelora Bung Karno Senayan..Akhir acara foto bersama dgn mantu Pak Jokowi Bobby Nasution,2021-02-11T14:54:09Z,1,0,ham
Nur Harfiani Sidin,Bapak ku ğŸ˜…,2021-02-08T12:28:14Z,0,0,ham
Roby jr,hostnya kocak..mantap,2021-02-05T14:01:13Z,0,0,spam
ANAK Kreasi,Mnntpp JAMIN (JOKOWI AMIN),2021-02-02T03:40:41Z,0,0,ham
Atikrekanan Rekanan,Pendukung pakde mbah min.. Smua buanyak artis bertalenta berpretasi smua raut wajahnya bersinar ceria segar bugar.. Smoga pakde mbah in slalu dlm lindungan alloh swt Dan di limpahkan keshatan jasmani maupun rohaninya..,2021-02-02T00:03:59Z,3,0,ham
NOVAL FIRMANSYAH,komentator orang lagi Sholawat ngomong Mulu!!!,2021-01-24T00:51:55Z,1,0,ham
Novi Dyah Permatasari,Baru mampir ke channel ini. Ya ampun...masih merinding. Salut...ternyata masih banyak rakyat Indonesia yang cerdas. Tahu pemimpin yang bagaimana yang baik itu,2021-01-15T01:31:58Z,13,0,ham
AsmDS,Kerja nyata mantap ğŸ‘,2021-01-12T15:33:57Z,0,0,ham
Nur Wae,Kampanye yang pantas d kenang sepanjang masa...,2021-01-10T09:31:45Z,1,1,ham
D&ABBOS TV,Nonton 10 kali nih februari 2021..gk bosen.. Kampanye elegan kreatif.. Gk monoton.. Menarik.. Meriah.. Dll,2021-02-07T04:23:45Z,0,,ham
Mohamad Hoji,"Hidup NKRI harga mati ğŸ‘ğŸ‘ğŸ‘ğŸ‘ğŸ‘ğŸ‘
Hidup presiden Jokowi ğŸ‘ğŸ‘ğŸ‘ğŸ‘",2021-01-08T19:01:20Z,0,0,ham
Situkai Andayani,heheâ¤ï¸â¤ï¸â¤ï¸â¤ï¸â¤ï¸â¤ï¸â¤ï¸â¤ï¸â¤ï¸â¤ï¸,2020-12-28T17:28:07Z,0,0,spam
Situkai Andayani,cinta kuu....ğŸ‘ğŸ‘ğŸ‘,2020-12-28T17:22:48Z,0,0,ham
Situkai Andayani,â¤ï¸â¤ï¸â¤ï¸â¤ï¸â¤ï¸â¤ï¸â¤ï¸â¤ï¸â¤ï¸,2020-12-28T17:13:16Z,1,0,ham
Situkai Andayani,hahh...harga mati ğŸ‘ğŸ‘ğŸ‘ğŸ‘ğŸ‘ğŸ‘ğŸ‘,2020-12-28T16:51:40Z,0,0,ham
Situkai Andayani,ğŸ‘ğŸ‘ğŸ‘ğŸ‘ğŸ‘ğŸ‘ğŸ‘ğŸ‘ğŸ‘,2020-12-28T16:46:31Z,0,0,ham
Mak Kastonah,Tidak,2020-12-26T10:30:55Z,0,0,spam
eci eci,17 12 20 dan masih merinding lihat ini,2020-12-17T14:54:49Z,1,0,ham
Situkai Andayani,hahh bangaet,2020-12-06T04:38:09Z,0,0,spam
Ronaldd Channel,GUE DUKUNG SELALU PRABOWO SUBIANTO DAN SANDIAGA UNO,2020-12-03T17:34:25Z,0,1,ham
Muhamad Rifky,Mereka berdua udah dukung jokowi hehe,2021-01-29T23:06:40Z,0,,ham
Tukijan FNU,Masya Allah begitu Cintanya Rakyat ini Kepada BeLiau... Pemimpin sungguhan yang jujur membangun Negeri ini...,2020-12-03T13:49:07Z,5,0,ham
fantasi rider,titik kuningnya banyak amat,2020-11-30T16:54:15Z,0,0,spam
Toni Ajha,Ini baru demokrasi happy,2020-11-23T06:55:47Z,1,0,ham
Chriz Istia,Adakah yang bisa jelaskan karakteristik dari kampanye ini?,2020-11-11T07:08:45Z,0,1,ham
D&ABBOS TV,Februari 2021..kreatif. indah. Elegan.. Warna warni.. Gk monoton... Kampnye mendidik..,2021-02-07T04:25:06Z,0,,ham
Sidik Setiyadi,"Jokowi terbaik..
Prabowo orang baik",2020-10-22T15:42:10Z,0,0,ham
teguh kurnianto,saya bangga bisa menghadiri deklarasi konser merah putih utk jokowi,2020-10-04T01:19:32Z,1,0,ham
Boas Sinaga,Wah ini saya dtg paling depan,2020-09-22T07:24:00Z,0,0,ham
Ali Habshy,Kampanye tp jualammn agama itulah kampanye yg sebenarnya. Daripada jualan agama tp produksi fitnah dan hoax,2020-09-21T14:50:17Z,0,0,ham
Kidamby Srikanth,N.A.J.I.S,2020-09-10T19:06:09Z,0,1,ham
D&ABBOS TV,"Nonton. Ambyar. Jadi. Indonesia. Sukses.. 
N. A. J. I. S
Nonto aja jangan ikut sirik
.ya",2021-02-07T04:29:09Z,0,,ham
Rudi Pasaribu,BRAVO JOKOWI !!!!!!!!!!!!!!!!!!!!!!!!!!!ğŸ‡®ğŸ‡©ğŸ‡®ğŸ‡©ğŸ‡®ğŸ‡©ğŸ‡®ğŸ‡©ğŸ‡®ğŸ‡©ğŸ‡®ğŸ‡©ğŸ‡®ğŸ‡©,2020-08-28T16:06:51Z,0,0,ham
Ivan Joe,Sebelum corona menyerang ğŸ˜”,2020-08-06T06:56:26Z,0,0,spam
Junita Anjani Sari,"Mencari diri saya di video ini, ada tapi kecil",2020-07-28T15:35:10Z,0,0,spam
the'geblexs,SLANK berdiri diatas semua golongan grub band rock n roll di indonesia walawpun banyak yg ingin merobohkan.....,2020-07-24T17:44:49Z,0,0,ham
Mohd Mohd,"Terlihat adem sejuk dimata..gk kyak yg sblh bnyk bendera"" gk karuan jadi gimana gitu di liatx",2020-07-12T05:18:34Z,0,0,ham
TVSI,Like yg masih nonton tahun 2020,2020-06-11T09:20:50Z,0,0,spam
Cak Suki,Katanya coronaa...kok ada konser..gak adil nih..kok gak di denda tetapi kalau ada acara majelis..di marahin...gak adiill,2020-05-20T07:35:09Z,0,0,spam
Eko Priyono,"aq rindu suasana konser putih,,meriah dan menghibur",2020-05-14T16:33:25Z,2,0,ham
Aslama KH,Cek,2020-05-06T21:06:27Z,0,0,spam
faisal jepara,Presidenku emang keren gue bangga sekali pak,2020-04-10T13:59:13Z,0,0,ham
Alan Bocil,Hadir 2020 # brpah ribuh dibohongin,2020-04-08T15:06:03Z,0,0,spam
Ferdiansyah Saputra,"Kubu Jokowi di bawa senyum 
Kubu sebelah darah tinggi semua",2020-02-06T07:32:13Z,1,0,ham
Agus Ciko,Hidup..jokowi maju indonesia ku..,2019-10-05T16:29:35Z,0,0,ham
bonar mb,Kalo Kubu Jokowi jualan NKRI kalo kubu yg lain jualan agama hehehe,2019-09-18T16:24:16Z,0,0,ham
SATRIO YUDANTO,Artis2nya berkualitas semua,2019-08-11T06:35:00Z,1,0,ham
Rexy Kurniawan,Iklan nya kayak semut njirr berbaris ..,2019-07-14T03:08:25Z,1,0,spam
Yayah Laela,Selamt atas kemnangan PAk Persiden Jokowi Yg Terbaik Terpilih 2019 2024 Mantapppp Bangettttttttttt,2019-07-08T23:40:51Z,0,0,ham
alif M,"Alhamdulilah jokowi amin yg menang .â˜ï¸ğŸ‘ğŸ¿""2019 BANGSA INDONESIA MENCATAT SEJARAH BARU,,KARNA PAK PRABOWO AKAN DI NOBATKAN SEBAGAI BAPAK CAPRES TERGAGAL SEPANJANG SEJARAH INDONESIA,""",2019-07-05T10:33:35Z,0,0,ham
Ben Joshua,Oppie Andaresta,2019-06-23T10:07:16Z,0,0,ham
Ben Joshua,"Cek koment yg lalu ah, koment yg anggap yg datang ke GBK untuk nonton doank ah,moga masih ada",2019-06-23T09:55:13Z,0,0,spam
Iyeng 12,This is real.....nggak mungkin dong curang. Yg menggugat hasil pilpres cuma buang energi.,2019-05-26T11:51:59Z,0,0,ham
nuqi ardiarsari,Ada mBak Atiek CB .. ğŸ˜â¤ï¸,2019-05-19T16:59:34Z,2,0,ham
Mrs chow chow,Arti yg dukung 01 keren2,2019-05-17T14:34:15Z,0,0,ham
bule lebu,"DARI KAMPANYE SJ SUDAH KALAH JAUUUUUH,,
LHA KOK GK MALU KLAIM KEMENANGAN..",2019-05-08T12:26:27Z,1,0,ham
prasetyo virgo,lain kali GBK kalo mau syutingnya bagus beli aja www.SpyderCam.com gak repot pake CraneCamera :v RIBET,2019-05-07T08:13:59Z,0,0,spam
PERMATA ENTERTAINMENT,Bravo bapak PRABOWO SUBIANTO,2019-05-05T03:36:30Z,0,0,ham
Jan Dara,"Aseli kenapa gW rada serem ya kalo ngeliat kubu sebelahhh ngumpul ngumpullll, kalo ini semua bersatuuu gtu lohhh gak dari oknum itu itu doang hanyaaaa komentar wkwkw #jokowi",2019-05-04T21:23:30Z,0,0,ham
Jan Dara,Maaf ya pak jokowi aku gak bisa dateng kami sekeluarga mendukung mu pak jokowi!!!!!,2019-05-04T21:20:03Z,0,0,ham
Woro Selalu Happy,Kapasitas GBK Cuma 77.ribu kenapa waktu kampanye prabowo bilang 8 juta?,2019-05-03T16:05:39Z,0,0,ham
Simson Marbun,JokowiğŸ˜˜ğŸ˜‡,2019-05-01T12:50:59Z,0,0,ham
Yusuf Harun,Ada gus muafiq juga ya,2019-04-28T07:17:13Z,0,0,ham
ADI Novianto,Disana sangat seru saya tdk dapat tmpt duduk saya berdiri ditempat masuk tribun tapi saya senang,2019-04-27T04:39:00Z,1,0,ham
yoga prayoga,"Kita tetap dukung pak jokowi, semoga menang.Amin",2019-04-26T13:25:35Z,1,0,ham
Cantel Fentura86,ko liat mukanya kaya nasi bungkus semua ya,2019-04-26T11:27:12Z,0,0,ham
Heri cepu,Sempurna ğŸ˜,2019-04-26T08:01:30Z,3,0,ham
Kantor Jaket,Tetap 02..,2019-04-26T06:02:24Z,0,1,ham
Safraji Aji,02 Nyugsep ke laut ğŸ¤£ğŸ¤£ğŸ¤£,2021-01-09T07:51:10Z,0,,ham
Nur Aminah,"Lebih berwarna, Lebih beragam, lebih Bhineka Tunggal Ika",2019-04-26T04:14:19Z,0,0,ham
Nur Aminah,gak rugi kampanye Jokowi - 01 -Menangggg,2019-04-26T04:12:45Z,0,0,ham
Indarti Tengkusam,Jokowi gaspollll 01 top markotoppp,2019-04-25T15:44:40Z,0,0,ham
Yuliana Tjauda,"Bagus,,,,,,bagus,,,,,bagus orang2timur penjaga NKRI,mencitai pak Jokowi presiden terbaik,terunggul,terhemat,pemenang,,,,,,,,residen pencipta damai,membuat seluruh masyarakat dunia merasa Aman dan damai.",2019-04-23T02:32:07Z,0,0,ham
deny tan,"presiden seluruh rakyat indonesia, islam, kristen, khatolik, buddha, hindu dan kong hu cu",2019-04-22T16:26:46Z,0,0,ham
Adikayla Kayla,Yang komen jelekin bapak jokowi itu.org yang irih hati.liad kampanye x.wooooow buanget,2019-04-19T15:07:04Z,0,0,ham
Diyan Ayyu,seneng banget bisa jadi salah satu dari mereka di GBK kemaren 13 April 2019.. sedih seneng..  campur2..  sehat2..  pakde insya Allah 2 periode,2019-04-19T11:40:54Z,3,1,ham
Pria Idaman,Merinding bngt kemarin saya hadir,2019-04-22T04:37:08Z,0,,ham
Fanni Supenda,"Gagal fokus sama suara michael bagus bangeeeet ğŸ˜­ğŸ˜­, gak berubah sejak Indonesian idol 1 aku selalu ngefans michael.",2019-04-19T10:17:31Z,1,0,spam
BEWE ADAVINS Generations,Soun systemnya pakai punya siapa yaaaa dulurrrr,2019-04-19T04:21:00Z,0,0,spam
Ninik kar,Jokowi 2 periode ...,2019-04-18T15:03:08Z,1,0,ham
Zeni Zeni,Sehat selalu ngheh pak jokowi...Amiin...,2019-04-18T07:36:41Z,0,0,ham
Mr. Crab,Gila iklannya..... metro tv auto kaya,2019-04-17T22:02:33Z,1,0,spam
The boss,Demen gw nih konser,2019-04-17T20:54:39Z,1,0,ham
WeDoes !,kebanyakan iklan woooyy,2019-04-17T16:30:44Z,0,0,spam
Zaky Zafiri Durar,Iklannya banyak bet,2019-04-17T09:48:28Z,0,0,spam
Amyley amy,alhamdulillah  jokowi...emang  jozz,2019-04-17T03:11:05Z,0,0,ham
Nino Nagata,Kampret sama onta pada ngiri nonton vid ini. HahahahaahahağŸ‘,2019-04-16T20:44:14Z,0,0,ham
Misja Kajoet,"Angkat jarinya?â˜.
Angkat jmpolnya?ğŸ‘.
Klo â˜+ğŸ‘=ğŸ‘† loooohhh ko jdi .....ğŸ˜‚ğŸ˜‚ğŸ˜‚ğŸ˜‚.",2019-04-16T19:15:40Z,1,0,ham
Ahmad Evendi,222222222 ok,2019-04-16T18:36:56Z,0,0,ham
ERLAN Channel,Jokowi gas pool,2019-04-16T17:55:24Z,0,0,ham
Mei Sel,"Simple aj ya, bahasa tubuh mana yg sama dg pak de jokowi. Ambil HP rakyat, foto selfie dia ma rakyat, balikin lagi. Belum ada presiden lain mw selfie in dia dg rakyatnya dr tangan dia sendiri. Hayo, sok cari presiden siapa?",2019-04-16T17:30:51Z,0,0,ham
Golden,Gk bisa hadir.. Tapi saya akan hadir untuk coblos 01 ğŸ˜£amin,2019-04-16T17:12:50Z,6,0,ham
Oppo A37,"Saya warga NU Lamongan ikut habib Lutfi,,,,, habib Lutfi dukung Jokowi warga NU pun dukung Jokowi,,,,,,",2019-04-16T16:13:59Z,3,0,ham
Nurdin Albantn,Hadir dr banten pandeglang dukung 01.maju terus,2019-04-16T15:53:29Z,1,0,ham
Haney Tomoko89,Salam 2 periode pak Joko ğŸ™ğŸ» Dari singapur,2019-04-16T15:00:46Z,4,0,ham
Hei53777832 Tse,Merinding...betapa damaii Dan smngatny saudara2 ku seindonesia...Salam  01 inshaallah menang...Rakyat mu smua mndukung mu pak,2019-04-16T14:23:58Z,2,0,ham
Abdullah,Slank nggak ada matinya,2019-04-16T13:26:35Z,0,0,ham
é»ƒéƒçŸ,ğŸ‘ğŸ‘ğŸ‘ğŸ‘ğŸ‘ğŸ‘,2019-04-16T11:17:09Z,2,0,ham
Yossie Anakâ€™eBapak,Rasanya sanggat tidak etis kalau bapak zelalu Di fitnah Di caci Di maki bapak yg begitu zabar bapak yg begitu tuluz dan merakyat zemoga Allah beridohi jalan bapak dan bapak biza maju menjadi indonezia hebAt Amin ğŸ˜˜ğŸ˜˜ğŸ˜˜ğŸ˜˜,2019-04-16T10:31:30Z,0,0,ham
Unlimited goodness- As you sow so shall you reap,"Choosing an intelligent president is easy but for choosing a president who is that HUMBLE, loves to people, cares to people,  honest, firm, hard work, etc.. who is he?.. He is a President Joko Widodo. He is the best Indonesian president for the FUTURE and 4EVER. Smart people definitely choose Mr. Joko Widodo.",2019-04-16T10:10:44Z,1,0,ham
Reny sama aku juga jadi baper Reny,Sikit je yg hapal sholawatan..,2019-04-16T10:07:52Z,0,0,ham
Mirna Cahyasi,"Pak Jokowi Mantap 
Salam 2 priode ğŸ‘ğŸ‘",2019-04-16T09:59:02Z,0,0,ham
Balikpapan Honda Club,banyak banget sponsornya.......bikin terganggu nontonnya. Sing penting I Love Jokowi,2019-04-16T07:55:01Z,5,0,ham
Frans Folla,hidup01,2019-04-16T06:13:04Z,1,0,ham
Anak Kariango,kok di potong vidio ny ya..yg angkat jari ny kok ga ada,2019-04-16T06:00:07Z,0,0,ham
cah ayu,Bismillah semoga besok prabowo sandi kepilih jdi presiden.Aamiin,2019-04-16T05:53:39Z,0,0,ham
Herman Tarihoran,"Para cebong2 luar biasa... 
Si kampret gk ngaku kampanye akbar terbesar spnjang sejarah lg?
Salam 2 periode pakde ğŸ‘ğŸ‘",2019-04-16T05:44:11Z,0,0,ham
Ucandi Simanjuntak,"Merinding
#01",2019-04-16T05:38:43Z,0,0,ham
Amri A,43:30 sayang sudah diedit,2019-04-16T04:28:37Z,0,0,ham
Elly Channel,"Kampanye 01 lebih mencerminkan Indonesia yg terdiri dari beraneka ragam budaya, bahasa, Ras dan agama, jd lebih berasa persatuan dan kesatuanya semua nyampur jadi satu, satu Indonesia. Kampanye bener2 happy bgt, jd bikin cinta tanah air & suasana bener2 adem krn orasinya lebih positive utk Indonesia maju.",2019-04-16T04:25:37Z,6,0,ham
Asep solihin,"Yg paling penting kita dibutuhkan untuk bersatu dari sabang sampai maraoke demi mencapai Negeri dan Rakyatnya ini Subur Makmur lewat Pemimpin kita Pk Jokowi Pk Ma'ruf Amin Indonesia Maju No,01",2019-04-16T04:14:51Z,0,0,ham
Zhuui velvelt,Insyaallah dua periode pak presidenku tercinta Amin Y AllahğŸ¤²â¤,2019-04-16T04:09:13Z,0,0,ham
burung merpati,ğŸ‘ğŸ‘ğŸ‘ğŸ‘ğŸ‘,2019-04-16T03:51:49Z,0,0,ham
Albar Mauludi,Jokowi amin menang! Insyaallah!,2019-04-16T03:20:13Z,0,0,ham
27 27,Yg penting jangan sholat di GBK,2019-04-16T03:15:31Z,0,0,ham
VILENNIA JAYANTI,"Gue nonton sambil baca komen ğŸ˜‚ , semoga prak jokowi selamanya jadi presiden jangan perlu ada pemilihan lagi biar jadi negara maju kita dan menggalahkan beberapa negara lainya ğŸ˜šğŸ˜˜ğŸ˜—ğŸ‘",2019-04-16T03:12:38Z,1,0,ham
ron epi,Massa byarn,2019-04-16T02:51:22Z,0,0,ham
Reza Pratama,"HARAM HUKUM NYA
 MEMILIH PASLON YG DI DUKUNG PARTAI KOMUNIS
InI BUKAN HOAX SILAHKAN KLIK INI FAKTA SUMBER NYA ADA TERJAMIN KEBENARAN NYA


Silahkan klik !!!

https://youtu.be/nZRo7cgf57U

https://youtu.be/GEYY4eCALn4

https://youtu.be/XFhDbSQCqNk

https://youtu.be/BzAgOamDCew


NKRI DAN PANCASILA  HARGA MATI !!",2019-04-16T02:33:44Z,2,1,ham
Bala Bala,Bodo amat,2019-04-16T13:08:31Z,0,,ham
Titik Irawati,"Bagusnya luar biasa suasana yg merancang tempat GBK kampanye bapak jokowi. Salam 01 2periode semoga kemenangan mutlak diraih jokowi makruf amiinn yarabbal alamin. *Pasangan 01 orang2nya memiliki integritas yg tinggi*  Bagaimana dgn 02 apa yg telah dirancang dan bangun untuk 5 thn tdk lain isinya yg dibangun untuk rakyatnya hanyalah pepsimis  karena memiliki segudang permasalahan bukannya memperbaiki diri tapi malah memperkeruh permasalahan. Sadarlah, segeralah tobat 02 selagi msh sehat.",2019-04-15T23:05:00Z,0,0,ham
Cold Man,"Isu SARA dh gak laku.
Konsumen isu SARA cm gerombolan yg pola pikirnya gk bs maju.. yg cuma bisa mimpi ke sorga.
Berbuat baiklah di dunia supaya bs masuk sorga.
Jokowi...masih yg terbaik utk Indonesia Raya.",2019-04-15T22:41:44Z,0,0,ham
Anni Sumarni Sumarni,Maa syaa allah. Mudahâ€ an di ridoi allah. Aamiin ğŸ™,2019-04-15T21:09:48Z,3,0,ham
Susanti Olsen,Luarrr biasa...rakyat Indonesia dah pintar dan bs melihat hasil nyata atas hasil kerja nyata Jokowi (Y) salam 1 jari dari Norway utk Indonesia memilih Jokowi-Ma'ruf <3,2019-04-15T21:03:30Z,1,0,ham
Vlix 0807,iklan mie sedap ganggu aja nehhhhh,2019-04-15T20:10:03Z,1,0,spam
Dokter Muda,"Mulai harimu dgn rasa tak terkalahkan, ğŸ˜‚. Iklan mulu",2019-04-15T20:00:08Z,1,0,spam
tekad acung riyadi,Jangan kebanyakan iklan dong..,2019-04-15T17:46:55Z,1,0,spam
Dapur Bunda sastra,"Masyaalloh ,salam damai ğŸ˜˜ğŸ˜˜ğŸ˜˜",2019-04-15T17:31:02Z,3,0,ham
Ricky Willy Harry Manalu,Hari rabu aroma manis menangğŸ‘â˜,2019-04-15T16:51:34Z,1,0,ham
henry zou8,"Hormat saya untuk pemimpin negeri, pak Jokowi, bapak perangkul semua kalangan, perangkul ke bhinneka an, bapak pemersatu bangsa , bapak pekerja keras untuk kemajuan bangsa nya, bapak infrastruktur, pemimpin yang tidak berjarak dengan rakyat nya, hormat saya untuk pak Jokowi",2019-04-15T16:36:20Z,1,0,ham
Hadyah Diana,Allah lah yang membalik balikkan hati manusia,2019-04-15T16:29:20Z,2,0,ham
Hadyah Diana,Allaahu Akbar semoga 02 dua dilindungi dengan,2019-04-15T16:27:02Z,1,0,ham
ami Amelia princes,"hong Kong hadirrr, pasti pak jokowi 2 periode ?semangat",2019-04-15T16:11:02Z,1,0,ham
suf sufi,Kampanye bayaran,2019-04-15T14:58:32Z,0,0,ham
Deny Rahayu,https://youtu.be/9m5NDk19DXg sejak kpn kalian putih??,2019-04-15T14:43:00Z,0,0,ham
eti rohaeti,Alhamdulillah begitu antusiasnya orang2 yg mendukung jokowi melebihi kapasitas GBK. DAN jg bersih/ga ada bendera HTI/bendera2 lainnya terkecuali bendera2 kecil yg turut mewakili.,2019-04-15T14:14:36Z,1,0,ham
Demi Sista,"Salam Gigit Jari, Gue Kapok Pilih Jokowi!!!",2019-04-15T13:55:29Z,0,3,ham
Ima Pesek,@Demi Sista siap pak plecidenğŸ¤£ğŸ¤£ğŸ¤£ğŸ¤£,2019-04-20T13:30:39Z,0,,ham
Demi Sista,Waw... kritis boleh nyinyir jangan.. #AntiSumbuPendek,2019-04-17T05:35:31Z,0,,ham
Ima Pesek,Otak kampret malas lerja maunya nyolong  hidup susah presiden di salahin kasihan kau kk,2019-04-17T05:15:08Z,0,,ham
Elmart 17 channel,setelah acara seperti biasa sampah berserakan,2019-04-15T12:52:11Z,0,1,ham
Albar Mauludi,Maaf mas stelah acara ini gbk kmbali bersih krn sudh dihimbau untuk mmbawa kresek masing* untuk sampahğŸ‘,2019-04-16T03:29:55Z,0,,ham
Axel Cla,Mantap,2019-04-15T12:52:01Z,0,0,ham
Elmart 17 channel,orang ke situ mau liat artis bukan jokowi,2019-04-15T12:49:45Z,0,0,ham
Bapane Gibran,SEMOGA MBAH JOKOWI DUA PERIODE AAMIIN !!,2019-04-15T12:42:51Z,0,0,ham
Sergio Salendah,Bagi saya pak jokowi udah menang tinggal di lantik ajağŸ˜ğŸ™ƒ,2019-04-15T12:41:24Z,2,0,ham
Bunbun Bunbun Lismiati,Mantul 01 gastol,2019-04-15T12:17:48Z,0,0,ham
siti siti,"Ya allah apa cuma q ya setiap lihat kampanye nya bpk jokowi pasti q slalu merinding  sampai menetes kan air mata , ya allah semoga bpk jokowi di beri Kesehatan panjang umur , semoga dgn izin dan ridho nya allah bpk jokowi lagi yg di kasih kepercayaan dari allah untuk memimpin rakyat nya intun ke dua priode nya  amin yarobalalamin",2019-04-15T11:51:44Z,2,0,ham
Itje Rekers,Kereeeenâ¤ï¸ğŸ‡®ğŸ‡©ğŸ¤²â˜ï¸,2019-04-15T11:46:28Z,0,0,ham
Jas Merah,Mantap jendral,2019-04-15T09:54:18Z,0,0,ham
superindo teknika,kerennnnnn... Jokowi gas poll.........,2019-04-15T08:09:44Z,0,0,ham
Gugum Gumilar,HIDUPP MIE SEDAAAAAPHIDUP,2019-04-15T07:07:08Z,0,0,spam
wahyu dtopeng,mantap konser Bhinneka .. jokowi 01 untuk 02 periode .. yess,2019-04-15T06:58:10Z,0,0,ham
chosmas efendi,Mantabs 1 KK pasti 01,2019-04-15T06:19:56Z,0,0,ham
Agie Manda,putih bersatuuuu,2019-04-15T06:10:44Z,0,0,ham
Hari NSakti,"pengen ikut merasakan serunya pak Jokowi di GBK, tapi iklannya sadis",2019-04-15T05:25:56Z,0,0,ham
Rose arch,merinding dan haru atas semangat kawan semua demi Pak Jokowi  demi Indonesia maju...SemangatğŸ’ªğŸ’ªğŸ’ª,2019-04-15T05:03:05Z,0,0,ham
Yacob arlan,Tuhan Memberkati Selalu Sekeluarga Pak.,2019-04-15T03:53:51Z,0,0,ham
Seles Collo,love u pbk jokowi..From Timor leste,2019-04-15T03:46:38Z,0,0,ham
Benny Hurry,awas ada yg kejang kejang,2019-04-15T02:50:38Z,0,0,ham
Yusuf Alfresco,Mantul euyy... ğŸ‘ğŸ’ğŸ˜˜ğŸ˜˜,2019-04-15T02:32:16Z,0,0,ham
DESTY VLOGER,"Saya saksi putih di GBK luar biasa,,,,,",2019-04-15T02:24:14Z,0,0,ham
chall chull,"diawali dengan ESEMKA ....
diakhiri dengan MOBILE LEGEND....",2019-04-15T02:04:23Z,0,0,ham
Liang Entertainment,"Padamu Negri, Bapak.. Harus sehat Bapak.. Harus menang Bapak... Negri ini butuh Bapak.. Mengabdilah kepada rakyat dan bangsa.. Untuk warisan bagi anak cucu kami kelak, agar mereka tahu bagaimana sulitnya perjuangan bangsa ini.",2019-04-15T02:03:15Z,0,0,ham
Liang Entertainment,"Jangan lupa, selesai coblos.. Celup tinta 1x saja 1 jari",2019-04-15T01:44:05Z,0,0,ham
Liang Entertainment,Mie Sedap,2019-04-15T01:43:05Z,0,0,spam
Sehan Nizam,banyak PELAWAK ya di kampanye Jokowi! ngomong-ngomong kampanye Jokowi masuk REKOR DINAS KEBERSIHAN & PERTAMANAN JAKARTA loh.. bukan Massanya tapi SAMPAHNYA??!. Cebong pada ga pada punya akal sehat ya sama petugas kebersihannya,2019-04-15T00:27:26Z,1,0,ham
Waris Putra,Wahhh penuhh bngettt...mntul dehh...dua priode pa de jokowi aminnn...????,2019-04-14T23:33:54Z,0,0,ham
ADITYA NIZA,Karawang hadir ğŸ˜ğŸ˜ğŸ˜,2019-04-14T22:40:12Z,0,3,ham
risky aja,@ADITYA NIZA  boleh minta id Instagram nya engga?,2019-04-20T08:59:14Z,0,,spam
ADITYA NIZA,risky aristiyan hy kk,2019-04-20T08:35:43Z,0,,spam
risky aja,Hai Nizaaa,2019-04-20T08:30:46Z,0,,spam
Rini Cllu Tersenyum Ikhlas,"Ini baru kampanye yg adem,damai dan bahagia.Gak sprti kubu sebelah kampanye ngamuk2 dan banting2 podium sprti mau ngajak perang sesama satu bangsa indonesia.Dasar setresss kubu sebelah,pokok nya hrs pak jokowi lanjut 2 periode.Amin...",2019-04-14T22:03:07Z,22,0,ham
Ratna Ni Gusti,Ini benar2 kampanye putih bersih.. sebersih hati Jokowi Maâ€™ruf...semoga berhasil pak Jokowi.. Doa kami selalu menyertai perjuanganmu Amiinn...ğŸ™ğŸ™ğŸ‡®ğŸ‡©â¤ï¸,2019-04-14T21:49:53Z,1,0,ham
Marjanah Anisa,"ini baru damai, dan benar satu indonesia.  tidak adq aura aura yg gimana gitu. apalagi aura intimidasi.",2019-04-14T20:11:40Z,0,0,ham
lolololol,MI SEDAP INI BUATAN KAMPRET ? IKLANNYA BANYAK BANGET GANGGU NJIR,2019-04-14T19:53:23Z,1,0,spam
fanuel derly,Jadi ingat yg bawa bawa omongan pake drone donk. Udh liat belum kira kira? Sesumbar sih kyk jendral kardus pilihannya,2019-04-14T19:31:06Z,0,0,ham
Janti Halimah,yalloh begitu indah nya kita bersatu   semoga pak  jokowi   dan  ma ruf amin menang amin ...,2019-04-14T19:17:21Z,3,0,ham
Komang Agus,"Kampanye akbar jokowi/makruf amin.  Sangat luar biasa. Tidak ada banser yg terlihat. Para banser sangat mengerti menempatkan posisi.
Karna sudah ada polisi dan tentara.
Yg bisa mengamankan jalannya pemilu.
N.u ttp is the best. Presiden jokowi ttp tegar dan oftimis.. aku mendukung mu 01.

Klo 02 nyungsep aja. Dalam kampanye 02.. selalu ada tentara palsu...
Faktanya .. ! Ya itu...hehehe...
Muak lihat klo 02 kampanye.
Tidak ada mendidik rakyat...
Yg ada cuma hoax aja....
Mau muntah dengarğŸ¤®ğŸ¤®ğŸ¤®ğŸ¤®ğŸ¤®ğŸ¤®ğŸ¤®ğŸ¤®ğŸ¤®ğŸ¤®ğŸ¤®",2019-04-14T18:35:52Z,1,0,ham
Andre Pujianto,GasspoooOlllLLLLLL,2019-04-14T18:16:43Z,0,0,ham
KENANGA O1,Mbah kyai Abuya MuhtadiÂ hadir Alhamdulillah Banten Jokowi Amin,2019-04-14T18:15:30Z,9,0,ham
muhammad yamin,hasil nya kita tunggu stelah 17 april broo,2019-04-14T17:43:18Z,0,0,ham
John Blora,"BRAVO TKN..
01 MANTAPPâ™¥â™¥â™¥",2019-04-14T17:14:35Z,2,0,ham
Mr Mingei,Bali hadir dengan doa penuh untuk memenangkan 01. Jokowi Maruf Amin,2019-04-14T17:03:33Z,0,0,ham
Irwan Ardiantsyah,"Ya Allah, engkau yg membolak balikkan hati, berilah kami pemimpin yang membela kami bukan membela orang asing, berikanlah kami pemimpin yang jujur bukan pemimpin yg suka ngibuli rakyatnya, berikanlah kami pemimpin yang punya berwibawa bukan pemimpin boneka atau petugas partai yang diperintah oleh orang lain...sadarlah saudaraku sesama muslim, Ustad Abdul Somad dan Para Ulama telah menyatakan pilihannya kepada Prabowo-Sandi..semoga kita tetap bersatu",2019-04-14T16:43:18Z,0,0,ham
PA CIN KO,kalau yg tidak dukung jokowi masuk sini pasti kepanasan kebakar ğŸ˜‚ğŸ¤£,2019-04-14T16:34:39Z,2,0,ham
King Cell,Kok gw g kliatan ya,2019-04-14T16:14:36Z,1,0,ham
PA CIN KO,"â€œKALAU INI PUTIH YANG SUCIâ€ğŸ‘ğŸ‘ğŸ‘ğŸ‘ğŸ‘ğŸ‘ğŸ‘ğŸ‘ğŸ‘
Kalau yg sebelah Putih  Keputihan ğŸ˜‚ğŸ¤£",2019-04-14T16:10:24Z,20,1,ham
Anna Chanx,ngakakkkğŸ¤£ğŸ¤£ğŸ¤£,2021-03-16T17:24:21Z,1,,ham
k kesya,"Hampir artis,seniman senior ternama mendukung jokowi amin
Smoga jokowi maruf amin 
Menang....Amin ya Alloh",2019-04-14T15:44:30Z,30,0,ham
Deni Augustyn,"Ga usah ad iklan bisa ga.
Mengganggu bangat.",2019-04-14T15:08:40Z,0,0,ham
vloq putra rantau davisa,"Walau pun q lg jdi tki d malaysia.  Tapi bisa merasakan pesta domokrasi indonesia.   
Ini baru kampanye..  01.. Pasti menang..  D malaysia jokowi unggul.  Hidup 01. Merdeka",2019-04-14T15:05:07Z,17,0,ham
Amang Rosadi,Saya dari bogor berangkat sendiri naik motor ke gbk.karena pk jokowi pantas saya dukung.dan istri saya kasih ongkos saya tidak d bayar tpi saya iklas,2019-04-14T15:02:23Z,17,1,ham
Tofik Projek,"Saya juga gk dibayar mas,saya dari bekasi",2019-05-29T15:13:00Z,2,,ham
Cak Nang Entertainment,"gilaa kalau bukan karena pak jokowi tidak mungkin saya nonton video dengan (terlalu) banyak adsense ini
tapi gak pa pa semoga 2 periode ya pak wi
tidak ada alasan lagi untuk memilih pak wo
pilihan hanya SATU, YA NOMOR SATU demi keSATUan INDONESIA
#01LAGI",2019-04-14T15:00:18Z,20,0,ham
tamtha 017,Pasti para kampret lgi baca komen kitağŸ˜ğŸ˜,2019-04-14T14:56:03Z,5,0,ham
Giya Yarti,Ingat pilih pemimpin yg amanah jgn sampai ikutin nafsu amarah contohya sebelah banyak janji kagak terwujud cukup 3contoh tapi akhirya semua merata sampai sabang-merauke...bukti nyata bukan janji janji doank...,2019-04-14T14:46:15Z,0,0,ham
Elza tulungagung,"Wihhh,,mantafff,,mantulll
Ttp jokowi ae,,,gaezz",2019-04-14T14:44:18Z,0,0,ham
Dede Madridista,Apa harus makan dulu mie sedapya biar gk iklan trus..ğŸ˜€ğŸ˜€ğŸ˜€ğŸ‘ğŸ‘ğŸ‘,2019-04-14T14:43:41Z,9,0,ham
Giya Yarti,Inilah asli wajah indonesia beragam jadi jangan sampai dipimpin ama pemimpin pesimis yg sukanya teriak keras n gk bisa memimpin ri,2019-04-14T14:39:13Z,2,0,ham
DoniAli Browin,"Pengganggu Pemilu adalah bagian dari Gerakan TEROR yang Harus dan Pantas di Tindak Tegas!!! Waspadai bangkitnya Gerakan AMIEN RAIS !!!!

Gerakan Amien Rais adalah Gerakan Teroris Politik, Pidana Mati ditempat!!!!!!!!!",2019-04-14T14:36:15Z,0,0,ham
Arief Santoso,Gw nonton ini pake kuota sendiri lho. Ngapa iklan mie aja terus. Jadi ini nonton Mie Sompret iklan Jokowi apa gimana?,2019-04-14T14:29:24Z,3,3,ham
risky aja,Bisa ae pinggiran koreng,2019-04-20T08:26:20Z,1,,spam
Arief Santoso,@edwins yans ğŸ˜‚,2019-04-17T12:09:51Z,0,,spam
edwins yans,"wkkkkw

cucok,.nyampah aja iklan nya bro",2019-04-16T19:15:54Z,0,,spam
Tommy,Amin Rais pasti stroke lihat peole power 01 maha dhasyat,2019-04-14T14:06:13Z,1,0,ham
Haycall Widiarma,I love JOKOWIDODO,2019-04-14T13:47:45Z,1,0,ham
Benny Benny,"Yang merasang merinding dengan kampanye ini mana like nya,",2019-04-14T13:35:16Z,6,0,ham
ketawa ketiwi,Tolong kl ada pilpres lagi prabowo jangan dikasih tau..kasian nanti kalah lagi,2019-04-14T13:22:48Z,0,1,ham
Safraji Aji,02 Lefel di bwah bpak jokowi,2020-10-05T17:16:36Z,0,,ham
Anto Lampung,"Luar biasa,,,,ğŸ‘ğŸ‘ğŸ‘",2019-04-14T13:22:46Z,1,0,ham
3'feb Chips,Yang lebih penting kampanye pak Jokowi ga ada anak2.klo yg sebelah kampanye bawa anak2.,2019-04-14T13:15:31Z,9,0,ham
yogi Saputra,Optimis 01,2019-04-14T13:13:38Z,0,0,ham
Zay Nal,"Kampanye ini tdak bisa tandingI kampanye 02  !! Untuk bang ari kriting jangan bawa2 timur katong orangtimur mayoritas prabowo klo jdi komika itu kebanyakn bohongnya.....
..01 akantumbang",2019-04-14T12:50:57Z,0,1,ham
Siswoyo Dwi Sanjaya,Zay Nal PRETTTT!!!,2019-04-14T15:29:08Z,0,,ham
SS MUSOLAM,saya diluar negeri dah undi  pilih jokowi,2019-04-14T12:49:47Z,1,0,ham
Nining Bachmid,Kreeen gbk putih bersatuğŸ–’,2019-04-14T12:16:40Z,2,0,ham
Berita Terkini,"Luar biasa kompak slalu relawanya..,Pilpres damai",2019-04-14T12:14:32Z,2,0,ham
Arlan Maulana,Semoga pk jokowi jdi persiden kita lagi. Hidup pk jokowi,2019-04-14T12:01:33Z,0,0,ham
Fadilah Dwi Permana,Apa cuma gue doang disini yg kesel sama mie sedap?,2019-04-14T12:00:39Z,2,0,spam
Papah Culo,Penuh suka cita salam optimisme maju truss bersama rakyat bersatu..NKRI harga mati walaupun kami du desa tak dapat sumbang kan tenaga dan partisipasi untuk O1 ttp dukungan dari rakyat untuk maju truss indonesia bersatu..,2019-04-14T11:57:56Z,0,0,ham
Nining Bachmid,Berderai air mata ada sholawat dari ustad yusuf mansur.kreeen pak jokowi.kampanye yg adem damai.sejuk.hanya ada benderah merah putih di sana.kreeenğŸ–’ğŸ˜,2019-04-14T11:54:34Z,1,0,ham
Rakyat Mana.,"Ikut juga kmrin, salut luar biasa, lautan manusia tnpa anarkis dan panda suku dan agama menyatu jadi satu yaitu #bersama_jokowi",2019-04-14T11:44:37Z,5,0,ham
Ivan Novoselic,cebong smua di GBK,2019-04-14T11:27:56Z,0,1,ham
Hp Baru,Pretttt,2019-04-14T11:41:39Z,0,,ham
Cahayo Gumay,Ini yg namanya pesta Demokratie ğŸ‘ğŸ‘ğŸ‘ğŸ‘ğŸ‘,2019-04-14T11:17:59Z,12,0,ham
Prandafa Chanel,"Smoga pak jokowi jd presiden.... 
Amin....",2019-04-14T11:11:26Z,2,1,ham
Prandafa Chanel,Yang stuju like,2019-04-14T11:12:09Z,2,,spam
indah dahliya,Saya dari dulu tetep Mendukung JOKOWI-J.kalla....Sekarang Tahun 2019 saya tetep mendukung JOKOWI-Ma'ruf.. I Love you So much 01.,2019-04-14T11:02:41Z,115,3,ham
Nicodemus Djawa,Pagi sahabat kalau mau lihat dan ku pantau debat tiap malam president Karni Elias komentator Pak Jokowi selalu dihina di jeleki dan kata kata  kurang baik didengar pada hal  BPK ini seorang Haji yg harus dihormat dan hargai bukan sebaliknya maka hati nurani harus tegur dgn doa sebab bagi Tuhan dgn doa semuanya tiada yg mustahil 2014 menuaikan kemenangan sekali di tero sana sini karna malaikat kasih disampingku dan pak Jokowi,2021-11-14T04:32:31Z,0,,ham
Conny Mulyasari,Sy jugaaaa,2021-03-18T05:27:40Z,0,,ham
Simon Laros,"Akhirnya 01 menang telak,,,",2019-11-11T18:10:03Z,1,,ham
Manaf Hasibuan,eh boleh nanya ndak neh ? itu gambar jempolnya...gambar jempol yang di  400 Ribu Amplop milik bowo sidik yang di OTT KPK itu ya ? bertanya  itukan lebih baik dari pada buruk sangka,2019-04-14T10:20:10Z,0,0,ham
Roy Bria,Top,2019-04-14T10:18:29Z,0,0,ham
DHINA HESTI,"Merinding oey... Semangat nggih pak,seger waras lan semangat kagem rakyat indonesia .â˜ï¸",2019-04-14T10:13:17Z,11,0,ham
Ella Tresna,Woowww,2019-04-14T10:12:50Z,1,0,ham
å»–éº—ç³,"Bapak jokowi seperti malaikat yg diutus Tuhan utk bangsa indonesia,saya bangga sekali pak menjadi bangsa Indonesia skrg,semangat terus semoga Bapak dilindungi oleh Tuhan yg maha esa",2019-04-14T10:11:27Z,0,0,ham
Sabun Gove Indonesia,Jokowi Amin Yes Yes Yes,2019-04-14T10:10:30Z,0,0,ham
muhammad yusuf,Jokowi No1,2019-04-14T10:06:36Z,0,0,ham
Abu Buaya,Apa bener prabowo berguru sama arya wiguna?.,2019-04-14T10:06:20Z,0,0,ham
Lenovo Smg,No Jokowi yes Prabowo,2019-04-14T10:03:47Z,0,1,ham
Safraji Aji,02 nyungsep ke laut sampai kiamat gc akan menang  01 ...02lepel di bawah bpak jokowi,2020-10-05T17:28:00Z,0,,ham
Lenovo Smg,Yang benar yang bangun jalan itu bpk presiden Suharto tahu,2019-04-14T10:02:23Z,1,4,ham
atan puyuh,Suharto dari hongkong???,2019-04-15T15:02:00Z,0,,ham
aziz mrv,Bapak kau kali,2019-04-14T15:10:04Z,0,,spam
Cahya Pramestika,"Komentarnya gk bermutu dehh,,yg nyinyir minggiiiir ajaaahh..",2019-04-14T11:47:30Z,0,,ham
Ida Blado,"ga usah ribut,,,minggir sana",2019-04-14T11:26:48Z,0,,ham
Lenovo Smg,Assalamualaikum wrwb apa pun yang terjadi saya tetap Prabowo Subianto dan bpk Sandiaga Uno Allah yang memenangkan oke amin,2019-04-14T10:00:35Z,1,0,ham
madebyKhai - Fairel Atharizz,Kerreeennnnn!!!! FUULL ğŸ‘ğŸ‘ğŸ‘ğŸ‘,2019-04-14T09:56:56Z,1,0,ham
Veronica 87,#01,2019-04-14T09:29:38Z,2,0,ham
Achmad Bagus Fakhrizal,Mentang mentang cebong banyak kuota iklannya dibanyakinğŸ¤£,2019-04-14T09:09:52Z,2,0,ham
sadel edel,01.dan.pendukung2 nya sgt kuar biasa,2019-04-14T09:07:28Z,2,0,ham
Kadek Adnyani,Bali for jokowi â¤ï¸ğŸ™,2019-04-14T09:00:45Z,1,0,ham
endras pratama,Adil makmur....coblos 02âœŒâœŒğŸ‘†ğŸ‘†,2019-04-14T08:59:44Z,0,0,ham
Heri setiawan,"Prabowo capres jomblo akut gak punya bini, Galau Makanya marah marah mulu sebagai pelampiasan. Mimpin keluarga saja gak bisa ko mau mimpin negara. Udah gitu mengharap menang. Mimpi",2019-04-14T08:45:35Z,0,0,ham
ARYO PAMUNGKAS,"Konser paling memalukan tak punya adab sopan santun.

Kecurangan Malaysia.

https://youtu.be/EK9XHxfhE7I",2019-04-14T08:35:38Z,0,0,ham
Asyya Komala,Saya sangat yakin pasangan No 1 menang wallo q cuma bisa mendoakan ... gaspol Pa jokowiğŸ‘ğŸ‘ğŸ‘ğŸ‘ğŸ‘ğŸ‘ğŸ‘ğŸ‘ğŸ‘ğŸ‘ğŸ‘ğŸ‘ğŸ‘ğŸ‘ğŸ‘ğŸ‘ğŸ‘ğŸ‘ğŸ‘â¤â¤â¤,2019-04-14T08:25:03Z,10,0,ham
RD CHANELL,"Tenang Pak Prabowo, kami akan tetap mendukung mu jadi Calon presiden , Tp u/ Tahun 2024, Tahun ini Jokowi _Amin dulu ya. 
ğŸ‘ğŸ‘ğŸ‘",2019-04-14T08:21:43Z,27,3,ham
Safraji Aji,Gc lefel 02 Lefel di bawah bapak Jokowi mkanya aku 2 kli pilih 01 wdah terbukti bpak jokowi.lanjut preseden selamanya,2020-10-05T17:07:40Z,1,,ham
T Rt,Tenang Pak Jokowi saya mendukungmu selalu..biar banyak yg nyinyirin.sante wae.anggep angin lewat,2019-04-27T07:11:22Z,3,,ham
eris Ena,"lagian pilpres ngak ada prabowo ngak seru , ngak ada prabowo ngak kampret soal nya",2019-04-18T09:29:08Z,4,,ham
Umi Marlina,Janji ya sdra2kuuh klo pk de 0wi kita menang nnti apapun nnti kedpnnya nmnya hidup perlu proses jdi jgn pd nakal sm pke de owi dn kyai y...kshn pk de sdh nyata slma ini berjuuang tuk Nkri tpi ingat ini hidup berlu DUIT Doa usaha ikhtiar Tawakal jdi gk instan dn bnyk rintangng2...kita jln dijln sj bnyk rintangn aplgu ngurus manusa 260jt jiwa..jdi janji2 y sdra2 kita hrs ijab gk boleh nakal nnti itu tanda2nya kita manusa bersykr bukan kufur yg hujat menghujat terys dn marah2,2019-04-14T08:04:39Z,0,0,ham
Susanto Sim,Koq 100ribu masa  keliatan malah lebih padat dan rame di banding yg katanya 2juta masa... anehhhhh!!ğŸ˜ğŸ˜ğŸ˜ğŸ˜,2019-04-14T07:55:43Z,16,4,ham
Zi _dnd,qolbu channel anda sendiri sudah sholat belum?,2019-04-21T12:41:25Z,1,,spam
Siswoyo Dwi Sanjaya,"qolbu channel ahh.. sok islam sendiri lu selalu mau tahu orang lain,mending lu urus kehidupan agamis lu sendiri codot!!!",2019-04-17T00:56:10Z,1,,spam
Suro Widodo,Eh mau tanya dong itu yg dateng pada sholat dhuhur ma asar nggak,2019-04-16T17:52:46Z,0,,spam
Siswoyo Dwi Sanjaya,Susanto Sim karena 02 yg dateng kebanyakan genderuwo...,2019-04-14T15:20:05Z,3,,ham
Chantiqa Dewi,Ya AllahğŸ™semoga Pak jokowi menang,2019-04-14T07:54:39Z,1,0,ham
YT Tole,"Merinding lihat nya. 
Luar biasaaaaaaa 
ğŸ‘ğŸ‘ğŸ‘ğŸ‘ğŸ‘ğŸ‘ğŸ‘ğŸ‘
01mantuuuuuuullll
02lewaaaaaaaattttt",2019-04-14T07:43:53Z,0,0,ham
Cinta Kirana Di tunggu selanjutnya,"Saya bener"" belum bisa move on dari kampanye ini",2019-04-14T07:39:38Z,27,1,ham
Pria Idaman,Sama saya jg hadir k marin d GBK dan merinding,2019-04-22T04:34:55Z,1,,ham
YT Tole,"Ooooiiiiiii iklan mie sedap mulu. Tau aja kalo video nya dilihat banyak orang.
#01emangjuara",2019-04-14T07:35:50Z,6,0,ham
rio saputro,"Segagah gagahnya paspampres dan sebrani braninya paspampres PAK,E saya yakin ketika melihat lautan manusia lautan relawannya PAK,E mentalnya pasti sedikit gemeteran juga dan saya yakin juga ada rasa ketar katir 

PAK,E THEBEST JOKOWI SAK LAWAS,E
DARI PRABOWO DUDA SAMPEK NANTI KALAU PUNYA ISTRI LAGI
POKOK,E TETEP MELU PAK,E JOKOWI SAK KABEH,E",2019-04-14T07:07:52Z,1,0,ham
Didin Syafrudin,"ğŸ¶ğŸµ Ayo bareng Jokowi
Ayo juang bersama
Ayo bareng Jokowi
Nomor satu paling Indonesia
Indonesia maju paling jempolan ğŸ¶ğŸµ

Uenak tenan lagunya rek ğŸ™ğŸ¤—ğŸ‘â˜ï¸ğŸ˜",2019-04-14T07:06:41Z,3,0,ham
Riki HNRSZ,Jangan lupa TPS = Tusuk Prabowo Sandi untuk NKRI berdaulat adil dan makmur,2019-04-14T06:53:54Z,0,1,ham
YT Tole,Hahhahahahahhahahahhahahhaha,2019-04-14T07:41:58Z,0,,spam
Fahdi Marruska,"Kemarin gak sempat nonton, alhamdulillah terimakasih metro yang nayangin livenya di youtube, merindiing gilaa, #jokowisatukalilagi",2019-04-14T06:49:33Z,3,0,ham
Triko Wilantika,1,2019-04-14T06:35:43Z,1,0,ham
Ponco Kusuma,Menangkan  01   urusan kalah  biar  no 2,2019-04-14T06:25:20Z,0,0,ham
rike puspitasari,Merinding...dan sumpah menetes air mata ku terharu ...apalagi kalau ada di sana.... Jokowi-ma'ruf amin 01 menang..menang..amin...ya rabbalamin...,2019-04-14T06:21:29Z,44,3,ham
Abi Lintang channel,Tuk.,2022-01-22T09:15:19Z,0,,spam
Rendi Reginaldo,Tapi kamu berfikir gak Berapa banyak uang yang dihabiskan uang siapa segitu banyaknya untuk sebuah kampanye ?,2022-01-16T17:53:26Z,0,,ham
Simon Laros,Dn akhirnya menang,2021-05-25T17:32:36Z,2,,ham
Linka Rahmasuci,Jiwa jiwa nasionalis kita sangat kentara love,2019-04-14T06:18:27Z,0,0,ham
Na,Bismillah #01MenujuIndonesiaMajuğŸ˜â¤ğŸŒ¹,2019-04-14T06:01:18Z,5,0,ham
Dua Jalu,Luar biasa....,2019-04-14T05:45:42Z,0,0,ham
Yunaz 46,Selamat datang di kuil mie sedap....,2019-04-14T05:35:13Z,3,0,spam
Cinta_Gie,Kami tidak heran dengan keadaan seperti ini..kami akui ya yg hadir mmbludak..tp ada yg mengganjal dlm hati 1 pertanyaan..jika tidak ada konser musik dan benar tulus dr hati nurani..ap mungkin semeriah ini..mulut bisa berbicara..tp hati kecil blm tentu..wallahuallam,2019-04-14T05:21:13Z,0,0,ham
Muh. Amin Nuruddin,Optimis!!! Indonesia maju dibawah jokowi -amin yg sudah terbukti dan kerja nyata,2019-04-14T05:18:16Z,0,0,ham
Asty Andika,"Alhamdulillah,,,, semua artis papan atas semua dukung pak jokowi.",2019-04-14T05:13:24Z,7,0,ham
Ririn Fajrina,I wish Jokowi win this 2019â€™s Indonesia president election. Aamiin Ya Rabb,2019-04-14T05:10:56Z,5,0,ham
Yunaz 46,Acara bocah....basiii,2019-04-14T05:10:45Z,0,0,ham
Sammy chan 67,ya alloh mrinding kabe ..sampk gemuru ya alloh beri kesehatan bt pk jokowi sekeluarga amin 2priode,2019-04-14T05:08:50Z,1,0,ham
Edy Chandra,01 pasti  menang........â˜â˜â˜â˜â˜â˜â˜â˜â˜â˜â˜â˜â˜,2019-04-14T05:06:36Z,3,0,ham
LukasLukis Asik,I was there. It was 'grande' and monumental. Alhamdulillah.,2019-04-14T05:06:13Z,20,0,ham
Zulfikar,"Ini namanya toleransi, ngk kayak Prabowo kampanye hanya umat islam",2019-04-14T05:05:52Z,0,0,ham
ANNU,Putih bersatu.yg hitam nyungsep.salam cebong,2019-04-14T05:02:40Z,4,0,ham
Musliadi Mus,"Kampanye jokowi,memang ramai,tp bkan lhat jkowi,mau lhat artis,ramai artis,mka nya ramai yg pergiğŸ˜‚ğŸ˜‚dğŸ’–ğŸ‘‰âœŒ
T bukan kanpanye jokowi,tp konser artis2ğŸ˜‚ğŸ˜‚",2019-04-14T04:56:53Z,0,0,ham
Dimas Purwa,Setiap liat video ini kok tercium bau bulu kebakar ya.. Apa ada kelelawar yg goosong ya..?,2019-04-14T04:52:10Z,13,1,spam
KENANGA O1,Wkwkkwkwkwkw ....,2019-04-14T18:26:00Z,0,,ham
Zhiehan Aprilia prizta,"Andai saya bisa berbicara langsung dengan beliau Akan saya sampaikan berapa Sakit nya hti Ini Ketika bapak d hina d fitnah d caci maki _ pdhal bpk sudh bekerja keras untuk Indonesia _ bapak tidak sendiri lihat bgtu bnyak msyarkt yg mndukung 
Sehat Trus Pak buktikn kelak bpk jdi presiden lg bahwa bapak bisa",2019-04-14T04:50:02Z,29,0,ham
T. Setiawansyah bordan,subhanallah.ya allah engkau tlh tunjukkan kuasamu..engkau 1 kan mereka utk mendukung joko  widodo-makruf amin utk jadi presiden RI th.2019-2024.terima kasih tuhan.,2019-04-14T04:40:51Z,10,0,ham
Tara Mardiansyah,klhitan keikhlasan beliau untuk mmbngun negri...lanjut 2priode.. #01.jokowi maruf amin..,2019-04-14T04:36:00Z,0,0,ham
Serinaali17 serinaali1234,01   ok mantapp,2019-04-14T04:26:22Z,1,0,ham
Hisbulloh Huda,1......,2019-04-14T04:13:52Z,1,0,ham
RARA WIWIN,"Pingin bngt kemarin ikut di sana tp jauh, jd cukup lewat doa aja ya, jokowi lagi, salam 2 priode",2019-04-14T04:10:16Z,13,0,ham
Qwer Qwrt,Mantap â˜ï¸ â˜ï¸ â˜ï¸ â˜ï¸ â˜ï¸ â˜ï¸ â˜ï¸ Pak jokowi emang sip ğŸ‘ selalu amin â¤ï¸ â¤ï¸,2019-04-14T03:59:08Z,1,0,ham
humaidi usai,Tgb yes jkw oke,2019-04-14T03:53:21Z,0,0,ham
lapendos,Jokowi presiden best of the best,2019-04-14T03:29:40Z,1,0,ham
benny gumay,Nggak jadi trending topik youtube,2019-04-14T03:12:09Z,0,0,ham
Lutfiana zahra,"Tetep jokowi
Saya #barengjokowi",2019-04-14T03:05:00Z,0,0,ham
anam ell faza,"Satu kan semangat ...
Dan jangan lupa coblos 02 ..
Salam Akal sehat  ..",2019-04-14T03:00:51Z,0,0,ham
Ainiisna Turmi,ğŸ˜¢ğŸ˜¢masyaAllah terharu bnr..pak jokowi  ğŸ‘,2019-04-14T02:57:00Z,5,0,ham
Devita Intan M,"lanjutkan ,putih adalah Jokowi...............",2019-04-14T02:54:47Z,1,0,ham
Os Alka,"GEROMBOLAN PENISTA AGAMA,LGBT,LIBERAL,TUKANG MABOK,KOMUNIS,KORUPTOR,PEKERJA CHINA ILLEGAL,IDIOTS & PROSTITUTES LGI RITUAL JINGKRAK JINGKRAK.NAUZUBILLAH",2019-04-14T02:51:58Z,1,2,ham
MYMUSIC CHANEL,"Kau sudah memitnah bukan untuk 1 orng tapi beribu"" orang itung sendiri dosamu kalikan dengan orang"" yg di gbk, ,  bersihkan hatimu woi.. parah lu 
..emnk lu tau dr mana smua yg di gbk penista agama, itulah ini lah.. ternyata kau lah salah satu sang penebar kebencian sama seperti yg di dukung oleh mu bnyak bacot",2019-04-15T17:01:56Z,0,,ham
any setyowati,"Apa kamu lebih baik kelakuannya ?? Kl lbh baik, seharusnya tidak mengujarkan ucapan kebencian seperti itu.. tau agama tp ga tau jaga perkataannya.. pantesan aja, paslonnya aja suka ngomong KASAR sihhh pendukungnya jg ga jauh beda.. 

kalau ga bisa ngomong baik"" tuh lebih baik DIAM saja ya.. drpd nyiyir dan nuduh nambahin dosa aja.",2019-04-14T12:54:45Z,0,,ham
Lily Lily,âœŠğŸ’‘ğŸƒğŸƒğŸƒğŸŒğŸ’¥ğŸ’¥ğŸ’¥ğŸ¤“ğŸŒğŸ“ğŸ“ğŸ“âœŠğŸ’‘ğŸŒˆğŸƒğŸƒğŸƒğŸ’“ğŸ’“ğŸ’“ğŸ’“ğŸ’“ğŸ’“ğŸ’“ğŸ’“ğŸ’“ğŸ’“ğŸ’¥ğŸ’¥ğŸ’¥ğŸ’¥ğŸ’¥ğŸ’¥ğŸ’¥ğŸ’¥ğŸ’¥ğŸ’¥ğŸ˜˜ğŸ˜˜ğŸ˜˜ğŸ˜ğŸ˜ğŸ˜ğŸ˜ŒğŸ˜ŒğŸ˜ŒğŸ˜€ğŸ˜¬ğŸ˜¬ğŸ’ƒğŸ¾ğŸ’ƒğŸ¾ğŸ’ƒğŸ¾âœŠğŸŒ§ğŸŒ§ğŸŒ§ğŸ’¥ğŸ’¥ğŸ’¥ğŸ¤“âœŠğŸ’ªğŸ’‘ğŸŒˆğŸ’§ğŸ’§ğŸ’§ğŸ’§ğŸ’§ğŸ’§ğŸ’§ğŸ’§ğŸ’§ğŸ’§ğŸğŸğŸğŸ’ªğŸ’ªğŸ’ªğŸ˜ŒğŸ˜˜ğŸ˜ğŸ’“ğŸ’¥ğŸ’¥ğŸ’¥ğŸ¤“ğŸ“€ğŸŒğŸ‡®ğŸ‡©âœŠğŸ’ªğŸƒğŸƒğŸƒğŸ˜˜ğŸ˜˜ğŸ˜˜ğŸ˜ğŸ˜ğŸ˜ğŸ˜ŒğŸ˜ŒğŸ˜ŒğŸ’“ğŸ’“ğŸ’“ğŸ’¥ğŸ’¥ğŸ’¥â˜‚ğŸŒğŸŒ¹âœŠğŸƒğŸ¤“ğŸ‘ğŸ‘ğŸ‘ğŸ‘ğŸ‘ğŸ‘ğŸ‘ğŸ‘ğŸ‘ğŸ‘,2019-04-14T02:50:03Z,0,0,ham
SK ROG,Yang hadir sebanyak ini aja ga pake acara nge-klaim dihadiri â€œ11 juta umatâ€... emang luar biasa Pak Jokowi. Semoga terpilih lagi. Tetep amanah pak,2019-04-14T02:36:34Z,1,0,ham
Sulaiman Limp,Menggelegar....,2019-04-14T02:18:54Z,0,0,ham
Rasid Salsa,Salam sukses untuk 01 Jokowi ma'ruf amin..  tpi ngomong2 ada pendukung wowo yg lgi nonton ğŸ¤£ğŸ¤£ğŸ¤£ mereka kga brani coment..,2019-04-14T02:18:35Z,28,1,ham
Inggi Maudjik,"TNI polriku selamatkan nkriku yg mau di kuasai habib,ke turunan asing,suara anak pri bumi,",2020-11-29T18:39:56Z,0,,ham
NOVAL FIRMANSYAH,"lagi solawatan komentatornya ngomong mulu,, ngegangguuu",2019-04-14T02:12:13Z,7,0,ham
Who Myd,"Penuh sih.. tp liat deh..  banyak penonton yg diem2 bae, ga merespon saat pak jokowi orasi.  Fisik mereka memang disitu tp spirit nya nggak.  Apakah mereka bener2 datang karena dorongan dr dalam atau karena dipaksa perusahaan ?",2019-04-14T02:01:18Z,0,4,ham
Ani Ani,"Itu namanya sopan bro.. ga emosional.. tenang.. niru pak jokowi.. ga kayak kubu sebelah.. massanya emosi, brutal, kepedean, sombong.. niru pak prabowo..",2019-04-14T15:15:19Z,0,,ham
DHINA HESTI,"Mbok yo pikirane sing positif ,gung tau di dublak sambel cangkemu",2019-04-14T10:28:58Z,0,,ham
Alex Saja,Mantul pakde...sebelah iri pakde,2019-04-14T02:21:01Z,0,,ham
Alex Saja,"Iri lagi....,,hoax lg...,",2019-04-14T02:20:19Z,0,,ham
andhi torik,1,2019-04-14T01:58:42Z,0,0,ham
Kadek Sintra,kenpa ini MIE SEDAAP ..HUFFFTTTTT,2019-04-14T01:54:06Z,2,0,spam
Channel Jaya Studio,"alhamdulillah bisa hadir di GBK bareng istri,,,sdh kita tunjukkan pd mereka,,INILAH PESTA DEMOKRASI,bukan pesta segelintir golongan..walaupun banyak tetangga yg ingin ikut hanya malu krn tetangga yg lain suka koar Fpi dan memghindari cekcok,tp alhmdllh sy masih bisa dtg bersama istri dan mewakili segenap pendukung kelurahan srengseng,kembangan jakarta barat..jokowi makin tak terkejar,,dia berhasil menjaga tali kebhinnekaan disatukan dlm wadah NKRI..tak perlu bawa atribut ormas,tak perlu teriak takbir,krn ini adalah PESTA RAKYAT bukan masalah Aqidah,bukan maslah hukum islam,,tp Hukum yg adil bagi seluruh Rakyat indonesia.aku islam,aku tak rela khilafah mengganti ideologi Pancasila yg sudah FINAL..maju pak jokowi,maju kyai ma'ruf..jayalah negrikuğŸ˜ğŸ¤—ğŸ¤—ğŸ¤—ğŸ¤—",2019-04-14T01:47:01Z,77,0,ham
Ari Kurniawan,"kemaren kampanye juga di kotaku.
ga sempet nonton live
iklan nya kebanyakan",2019-04-14T01:42:51Z,0,0,ham
salman Alfarisi,Woi sampah nya woi,2019-04-14T01:24:38Z,0,3,ham
Ani Ani,"Emang banyak sampahnya.. ga hoax kok saya tahu.. terus dinas kebersihan prov. DKI Jakarta kemana coy? Disuruh pak anies diem aja ya? Haha.. ga kenapa, turutin junjungan mu ampe puas, ntar ada pasukan semut kok yang beresin sampahnya.. tunggu dan lihat beritanya nanti ya.. ğŸ‘ğŸ‘ğŸ‘",2019-04-14T15:12:35Z,0,,ham
salman Alfarisi,"Nana Sumarna haha ada cebong garis keras.
Bener ko abis acara kampanye nya jokowi sampah dimana2.
No hoax ya",2019-04-14T03:15:31Z,0,,ham
Nana Sumarna,Lo sampah,2019-04-14T03:06:05Z,1,,ham
miyuen.,saya di hongkong  pasti pilih  bapak jokowi jadi President  lagi.gas pollll  coblos no 1.,2019-04-14T01:24:04Z,0,0,ham
Rynto BhaLa,Bismillah optimis menang..ğŸ‘ğŸ‘ğŸ‘ğŸ‘ğŸ‘ğŸ‘,2019-04-14T01:21:00Z,0,0,ham
Herman Br,MAntulll  pendukung 01 memang kereeeen,2019-04-14T01:16:59Z,0,0,ham
Marsila Marsila,Is the best 01 saya rakyat bersamamu pk krna gk hadir krna jauh sy berada di singapur..tpi dia sy sepanjang hri untuk pk jokowi pk kiay marup amin sukses slalu amin,2019-04-14T01:10:53Z,0,0,ham
Tutus Indri,"Banyak yg hdr dri kubu 02 dibayar lumayan dpt kaos,, hati tetap prabowo sandi kenyataan jgn marah ya,,, lihat vidionya dichanel garuda",2019-04-14T00:59:41Z,0,2,ham
Ani Ani,Hoax lagi nih? Hadeh.. cepek deh.. ğŸ˜…ğŸ˜…ğŸ˜…,2019-04-14T15:07:24Z,0,,ham
Sulaiman Limp,Garuda tak bersila...garuda banci,2019-04-14T02:28:33Z,0,,ham
ZHEYNAL ARIF,"Hahaha kampret tolol.. Yg bakal melegalkan LGBT prabowo sebab anaknya bencongğŸ˜† hati"" dibelakang prabowo ada Fpi dan Hti siap"" dirikan Khilafah jika prabowo menang. Dan itu tdk akan pernag terjadi ya pret. Camkan itu NKRI Harga Mati.. Tdk berlaku khalifah di indonesia ini...",2019-04-14T00:59:31Z,0,1,ham
ZHEYNAL ARIF,Ngakak gmn.. Qm gk bisa terima ?,2019-04-14T02:39:25Z,0,,ham
shandi brovyt,Setelah nton ini gw jadi mulai bosen buat mkan mie sedap,2019-04-14T00:40:58Z,15,0,spam
Sweet Pea,Q ikut berdoa semoga Pak Dhe semua keluarga sehat selalu dan semoga menang lagi ya Allah aminnnn,2019-04-14T00:38:53Z,10,0,ham
Susan,"Konser Putih Bersatu #bersamajokowi cm ada 1 bendera, yaitu Merah dan Putih. Indonesia, NKRI harga mati. Saya rela pagi2 sudah di GBK, rela desek2an dan bermandikan keringat, rela panas2an demi pakde Jokowi. Terharu melihat rakyat Indonesia begitu cintanya dengan pakde Jokowi, Presiden Indonesia utk tahun 2019-2024. Terharu meihat pakde Jokowi begitu hadir diatas panggung...., Waah pokoknya ruaaar biasaaaaa rasanya bisa hadir di acara ini.",2019-04-14T00:25:26Z,5,0,ham
ganti akun,Seandainya q ad di indonesia q dah pasti datang n hadiri tmpt ini yaAllah lindungilah bpk kami bpk presiden jokowidodo Aamiin orang yg baik dan merakyat ğŸ˜ğŸ˜ğŸ˜ sehat kan selalu beliau Aamiin,2019-04-14T00:12:03Z,7,1,ham
Pria Idaman,Rame banget saya kemarin hadir,2019-04-22T04:35:57Z,2,,ham
Mohammad Yahya,"Bertabur bintang, bertabur uang, bertabur nasbung, bertabur mobilisasi... 

Tapi sepi jiwa,  sepi semangat, sepi kekhusyuan, sepi keyakinan...
 
Banyak hura hura, melegalkan hedonis,  melegalkan lgbt...",2019-04-14T00:06:54Z,1,3,ham
Amru Ciyeehhh,"Makanya tuh wowo suruh yg bener klo bikin acara pesta demokrasi, bukan malah bikin acara kumpulan ulama2 badut politik...wawkakwkqkakwkakkakwk",2019-04-14T08:13:02Z,0,,ham
Hati Nurani,Koomentar org sakit hati ya..,2019-04-14T03:53:39Z,0,,ham
ZHEYNAL ARIF,"Hahaha kampret tolol.. Yg bakal melegalkan LGBT prabowo sebab anaknya bencongğŸ˜† hati"" dibelakang prabowo ada Fpi dan Hti siap"" dirikan Khilafah jika prabowo menang. Dan itu tdk akan pernag terjadi ya pret. Camkan itu NKRI Harga Mati.. Tdk berlaku khalifah di indonesia ini...",2019-04-14T00:58:10Z,0,,ham
Anik Menyund,Sumpah.. Merinding Oey..!!!!! Tetep Pak JOKOWI pokoe ğŸ˜ğŸ˜ğŸ˜,2019-04-13T23:58:16Z,24,2,ham
Anik Menyund,@saiful Rider mantep boz kuh,2019-04-15T11:16:25Z,0,,ham
saiful Rider,Yes,2019-04-15T10:04:28Z,0,,spam
snakehead PP,"Sayonara pakde, rakyat sudah muak dengan kebohonganmu, selamat berkendara pulang ke solo dengan mobil Eseemkaa eh mobil lej jeeeen ğŸ˜€",2019-04-13T23:31:02Z,0,9,ham
snakehead PP,@Ima Pesek asal gak nyolong mobil eseeeeeemka eh mobile lejj jeeeeeeeen nnn ğŸ¤£ğŸ¤£ğŸ¤£ğŸ¤£ğŸ¤£,2019-04-17T05:27:59Z,0,,ham
Ima Pesek,Kampret itu kerjanya nyolong itu fakta bukan hoaksğŸ˜‹ğŸ˜‹ğŸ˜‹,2019-04-17T05:20:11Z,0,,ham
snakehead PP,ğŸ¤£ğŸ¤£ğŸ¤£ğŸ¤£,2019-04-14T13:14:20Z,0,,ham
snakehead PP,@any setyowati otak lho tolol,2019-04-14T13:14:08Z,0,,ham
any setyowati,@snakehead PP sekarepmulahhhh.. ğŸ˜‚ğŸ˜‚ğŸ˜‚ğŸ˜‚,2019-04-14T13:12:57Z,0,,ham
snakehead PP,"@any setyowati nyinyir ke orang tolol gak bakal dosa, soalnya klo dibiarian malah nglunjak, lho pikir selama ini kita takut, maaf aja coy ada saatnya kami melawan",2019-04-14T13:05:50Z,0,,ham
any setyowati,"@snakehead PP hahaahaaa.. kl ga suka gak usah di tonton..

simple broooo.. drpd nyinyir nambah dosa ajahh",2019-04-14T12:58:36Z,1,,ham
snakehead PP,"@Sulaiman Limp otak tolol, pelajari dulu arti lahan HGU biar lho gak kelihatan tololnya ğŸ¤£ğŸ¤£ğŸ¤£",2019-04-14T07:12:45Z,1,,ham
Sulaiman Limp,Bodohhh..tu esemka sdah ada di pasaran...punya uang gk buat beli...mnta dulu sama prabowo sana...skalian suruh kembalikan lahan negara,2019-04-14T02:28:03Z,2,,ham
Jihan Dede,ğŸ’ªğŸ’ªğŸ’ª buat semuah pndukung 01 ğŸ˜ğŸ˜ pa jokowi ğŸ‘ğŸ‘ gass poll,2019-04-13T23:13:50Z,19,0,ham
Gadiel Caesar Elkana,Lirik lagu kerja kerja ayo kita kerja,2019-04-13T22:40:49Z,4,0,ham
yaher sawak,Apa fisi misi Anda makruf amin....ingat Yusuf Mansur???dunia akan mendatangimu jika engkau mengajar akhirat.,2019-04-13T22:28:13Z,0,0,ham
yaher sawak,"Ramai kan meriah kan meledak kan rakyat yg hadir,inget kalian semua itu semua omdong,yakin seribu persen Prabowo sandi yg akan menang,karma ingat Allah tau mana yg berhak dan memimpin negara kita,dunia sudah terbalik,kiyanyi mengadakan konser 500 artis,pengusaha mengadakan solat berjamaah,pikir sendiri",2019-04-13T22:24:53Z,0,5,ham
Safraji Aji,Dikir sampai satu tahun 02 gc akan menang...orang yg cerdas gc munkin pilih 02 pasti pilih 01 lanjutkan jdi pereseden selamanya.,2020-10-05T17:31:11Z,0,,ham
Amru Ciyeehhh,Lah udah kebukti gagal trus..itu bukti si bego prabowo gk layak mimpin NKRI.. Jokowi jadi presiden itu udah takdir Gusti Alloh tong..wakwkkwwkwkw,2019-04-14T08:19:44Z,0,,ham
Alex Saja,Yg penting jangan sujud syukur kayak dlu lho ya??? kalau kpu belum memutuskn pemrnang nya....wkkkk,2019-04-14T02:28:31Z,0,,ham
yaher sawak,"Cawapres pengusaha adakan kampanye solat berjamaah, cawapres yg katanya yg kata ulama malah adakan nya.....pikir sendiri mana yg bener,salam akal sehat",2019-04-13T23:49:22Z,0,,ham
siti masiniagustin,buktikan di 17 april..gawsah bnyak omong disini ga guna sama sekali...gunakan hak pilih anda...toh gak ada yg maksa anda buat pilih 01 atau 02 itu semua hak priogatif individu masing2..salam indonesia ku...,2019-04-13T23:36:13Z,0,,ham
Su Tikno,"Dengan cinta dan do'a yang tulus dari rakyat kecil, Insya'allah Jokowi menang lagi. Aamiin YRA. ğŸ‘ğŸ‘ğŸ‘ğŸ‘ğŸ‘ğŸ‘ğŸ‘",2019-04-13T22:23:04Z,0,0,ham
macan tutul,â˜ï¸nderek kyai barisan santri siap menangkan Jokowi dan Abah kyai Maruf Amin,2019-04-13T22:19:17Z,159,0,ham
Varian Akik,Itu cmn liat konser,2019-04-13T21:57:57Z,0,0,ham
Situmorang Wilda,Astagaaa merinding   sya,2019-04-13T21:46:21Z,1,0,ham
Roni Emess,"Maju terus pokoknya 01,indonesia maju, aminnnn",2019-04-13T21:33:50Z,68,0,ham
Dina setya,Hdr slm.mantul.mantap no1 bpk jokowi Amiinn.iss the besstttttt ğŸ˜˜ğŸ˜˜ğŸ‘,2019-04-13T21:12:35Z,5,1,ham
Hacker Junior,Mantull,2019-04-13T21:15:31Z,0,,ham
Lydia â€¢,Tolong jelaskan 1:24:16 ğŸ¤£,2019-04-13T21:06:35Z,2,1,ham
Hacker Junior,Aku padamu ğŸ˜,2019-04-13T21:27:37Z,0,,ham
abel pratama,"susah ngalahin ORANG JUJUR,,ANTI KORUP,,and di CINTAI RAKYATnya mah .... sekali JOKOWI tetep JOKOWI ....",2019-04-13T20:40:33Z,2,1,ham
Sweet Pea,"abel pratama semoga Pak Dhe menang, cuma lihat kampanye wowok gila2 an h*****s nya",2019-04-14T00:48:23Z,0,,ham
Aayasog A.,Aminnn ya allah,2019-04-13T20:39:44Z,4,0,ham
Aayasog A.,Mantap pak jokowi 0 1 maju trs aminn,2019-04-13T20:37:38Z,9,0,ham
Kolom Kotak,"Ini keren,  ini baru namanya beneran kampanye bukan sok agamais, semua agama,  suku dan budaya beneran jadi 1.. Tapi Banyak yg di potong videonya adakah yg beneran full?
Endingnya beneran sengean ya slank ğŸ˜‚
Semoga 01 menang jadi no 1 di Indonesia, mempersatukan Indonesia lagi..",2019-04-13T20:14:27Z,2,1,ham
Sweet Pea,Kolom Kotak se77777,2019-04-14T00:43:31Z,1,,ham
Puspita Dewi,"Pak MA subhanallah.... ğŸ˜¢ dan Masi tidak percaya ada UYM disitu..... ğŸ˜¢ . Apa arti ceramah yg engkau gembor2kan...syariat mu di pertanyakan tad.. ğŸ˜¢
Antum bikin kami kecewa...ğŸ˜¢",2019-04-13T20:13:18Z,1,3,ham
Safraji Aji,"02 kepanasan 02 gc akan menang sampai kiamat 01...02 lefel di bwah bapak Jokowi, gc calon preden 02 nonton sepak bola ajağŸ¤£ğŸ¤£ğŸ¤£",2020-10-05T17:25:01Z,0,,ham
Achmad Bagus Fakhrizal,"Pikiran ibu sudah ditanami kebencian, seolah olah yang milih jokowi kafir. Bisa ibu lihat sendiri para alim ulama banyak dibelakang jokowi. Coblos 01 ğŸ‘",2019-04-14T09:37:49Z,0,,ham
YT Tole,Emang masalah nya apa kalo ada UYM,2019-04-14T07:39:13Z,0,,ham
Iwan Sis,"Ini baru namanya kampanye sehat, damai, sopan santun..... Pesta demokrasi yg penuh kegembiraan...... Pokoke mantuuuuuullllll",2019-04-13T20:06:45Z,1,0,ham
Noor Faiz,Salam 01 bpk jokowi bpk Amin INSYAALLAH menang Aamiin,2019-04-13T20:05:06Z,33,4,ham
kula hulap,"@Sehan Nizam mana ktanya prabowo sandi cuy,, xi,,xi",2021-03-14T16:08:59Z,0,,ham
kula hulap,"@Sehan Nizam mana ktanya prabowo sandi cuy,, xi,,xi",2021-03-14T16:08:50Z,0,,ham
Jon Redy,@Sehan Nizam malu lu tolol. Junjungan lu kalah lagi yeee,2019-10-18T10:41:15Z,0,,ham
Sehan Nizam,menangis.. Insya Allah Prabowo-Sandi Presiden 2019 amiieen,2019-04-15T00:32:26Z,1,,ham
chilay 23,Ini konser musik???,2019-04-13T20:02:30Z,0,2,ham
any setyowati,Ini yg namanya PESTA DEMOKRASI gtu aja gak ngerti sih brooooo..,2019-04-14T12:56:34Z,2,,ham
Nana Sumarna,Ini kegembiraan rakyat ondonesia yg sebenar nya...optimis tidak pesimisğŸ‘ğŸ‘ğŸ‘,2019-04-14T03:05:37Z,2,,ham
JeRagem Loxdang,"Maf sangat disayangkanğŸ˜“ Pas solawatan pak jokowi ko mlah selfy"" rasanya kurang pas.semoga kdpanya lebih baik dan semoga trpilih lagi amiin.
Satukan untuk kmenangan jokowi Amin",2019-04-13T20:02:27Z,1,0,ham
Iwan Sis,"Beda sekali ya sama yg minggu kemarin...... Yg ini lbh ramai, tertib, sopan, berseni, terorganisir,dll.........yg jelas yg hadir kelihatan lebih cerdas dan lebih waras dr acara di GBK yg sebelumnya",2019-04-13T20:01:38Z,0,1,ham
Sweet Pea,Iwan Sis betullll,2019-04-14T00:46:11Z,0,,ham
Suroto Mangun Suwito,Karyawan mayora kok gak di panggil ua,2019-04-13T19:57:52Z,0,0,ham
an channel,"Apa cuma gw yg berada dilingkungan pendukung 02 dan tetep konsiten sama pilihan gw sama Pak Jokowi dan Abah, sebagai penebus dosa di tahun 2014,,, Jempol buat Pak Jokowi ğŸ‘ Dua Priode dipersilahkan ğŸ¤˜ ..
Persetan sama kampret yg tiap hari nebar kebencian,kuping gw ada logo ANTI KAMPRET jd gabakal masuk Hoax lu pada ğŸ˜‚ğŸ˜‚",2019-04-13T19:54:45Z,18,4,ham
X GAMERZ,Sama bg gw juga,2019-04-17T00:36:58Z,0,,ham
an channel,"@Wulan Sari udh tinggal besok nyoblos kaga sadar"" juga bro ğŸ˜‚",2019-04-15T20:08:12Z,0,,ham
an channel,@Wulan Sari kita senasib ğŸ˜ª,2019-04-15T20:07:39Z,0,,ham
Hei Tiyo,Karena Semua akan sadar pada waktunya hehe,2019-04-14T11:54:25Z,3,,ham
Puspita Dewi,Miris lihat UYM ...... ihdinassiratalmustaqim,2019-04-13T19:49:23Z,1,0,ham
husni kamal,KUMPULAN PARA CEBONG,2019-04-13T19:49:10Z,0,3,ham
Surya Toys,Satu Kolam isinya Cebong Laknat Semua,2020-12-08T18:32:37Z,0,,ham
husni kamal,@abel pratama dan lu salah satu cebong nya,2019-04-13T21:20:47Z,0,,ham
abel pratama,rasis llu njing,2019-04-13T20:32:12Z,0,,ham
Zahra Zahra,Salam damai,2019-04-13T19:48:39Z,0,0,ham
Stevani Rizkiana,Lama2 laperrrr krn iklannya misedap mulu ğŸ˜­ğŸ‘ğŸ»ğŸ˜­ğŸ‘ğŸ»ğŸ˜­ğŸ‘ğŸ»,2019-04-13T19:47:18Z,28,2,ham
LAMBANG 77,ğŸ˜ğŸ˜ğŸ˜ğŸ˜ğŸ˜,2019-04-14T21:31:06Z,2,,ham
Kitty Kate,"ahahaha, serius gw di lain daerah tp pas nnton ini gw santap mi sedaap pke buburğŸ˜‚",2019-04-14T12:55:48Z,2,,spam
RS S,"Mie sedap nya buat dongkol yak ğŸ˜…ğŸ˜…
Kita mau lihat jokowi bukan mau lihat mie sedap disini ğŸ˜‚ğŸ˜‚",2019-04-13T19:45:05Z,9,4,ham
Reny sama aku juga jadi baper Reny,Tiap hari aku makan mee  sedap goreng..ğŸ˜†ğŸ˜†ğŸ˜†ğŸ˜†,2019-04-16T10:01:32Z,0,,spam
Arief Santoso,Emang nih parah mi sompret wkwkw,2019-04-14T14:30:20Z,0,,ham
Omah Official Vlog,"Klo laper gk py apa"" maskny y mie sedap",2019-04-14T12:36:11Z,0,,spam
Achmad Bagus Fakhrizal,"Iklan dipasang bnyk bgt, mentang2 cebong banyak kuota ğŸ¤£",2019-04-14T08:42:53Z,0,,ham
Fury Kharisma,Bapak bangsa saat ini dan 5 tahun kedepan adalah jokowi ma'ruf  lnsya Allah,2019-04-13T19:35:28Z,35,0,ham
Moh Sofiyulloh,Prabowo persidenya,2019-04-13T19:30:17Z,0,5,ham
zaqi mubarok,prabocor pesindennya,2019-04-14T03:28:32Z,0,,ham
Nana Sumarna,Menangis,2019-04-14T03:07:06Z,0,,ham
Sweet Pea,Ngareppp dot com hahaha,2019-04-14T00:47:03Z,0,,ham
abel pratama,ngimpi,2019-04-13T20:26:21Z,0,,ham
Adjie Heryanto,"azan mas, ngopi dulu ...",2019-04-13T20:06:23Z,0,,spam
suprhanti suprhanti,"Tetsb 01 di hati , jujur dan merakyat ,",2019-04-13T19:18:50Z,20,0,ham
Herry Bintang kurniawan,Iklan ganggu banget.jancok,2019-04-13T19:01:00Z,0,0,ham
jemiah salah,Kaya begini mau di kalah kan maju jokowi amiiin,2019-04-13T18:54:22Z,29,0,ham
Hala Cieng,Partai PSI Banyak Yg bersorak ğŸ˜„ğŸ˜„ Apahak PSI akan Menjadi Jawaranya ? ğŸ˜ƒ,2019-04-13T18:49:00Z,28,2,ham
Darwin Pandiangan,"aku belum nyoblos kamu, mau...?@Omah Official Vlog",2019-04-16T03:40:03Z,0,,ham
Omah Official Vlog,Q dh nyoblos psi,2019-04-14T12:33:18Z,0,,ham
Hala Cieng,"Laki Laki Kok Baperan ğŸ˜‚ Kaya Cewek Aja ğŸ˜„ mending jadi bencong ğŸ˜‚ Salam Wong Waras


NAJIS KAMPRET KAMPRET",2019-04-13T18:42:50Z,14,0,ham
Eka Maulidzar,G ikut . Tapi mendoakan dr jauh + coblos 01,2019-04-13T18:41:30Z,79,0,ham
ê§”ê§ê¦¼SÃœROà½²à¼à¼à½²MÃŠNâ‚²â‚²Ã”LÃ”ê¦¼ê§‚ê§”,Mantaab#01â˜â˜â˜â˜,2019-04-13T18:39:21Z,1,0,ham
ARYO PAMUNGKAS,"Konser sampah.

https://youtu.be/pDHPgp6QNhk",2019-04-13T18:39:20Z,0,0,ham
ÃÃ¥Ã±Å¥Ä¯ Ä¶Ä›Ã§Ãª,Mantapp,2019-04-13T18:30:43Z,0,0,ham
Yuyu puspitasari,Mantul mantap betul 01,2019-04-13T18:26:17Z,2,0,ham
Delia Adel,Ketika membaca berita online kebanyakan uh menjatuhkan jokowi n seolah2 jokowi acan kalah v low ngeliat konser ini jd rasanya berita2 itu lewat,2019-04-13T18:18:16Z,3,2,ham
Delia Adel,@Neng Ni'ma betul,2019-04-17T03:09:56Z,0,,ham
Neng Ni'ma,"Ahahah karna pendukung kubu 02 selalu post pendukung nya jadi kelihatan banyak yang dukung kubu 02,beda sama kubu 01 jarang orang posting kayak gitu, jadi saat Di GBK ini lah orang Yang Ingin kubu 01 menangğŸ˜Š Ya tau lah yaa gimana beda nya pendukung kubu 01 dan 02ğŸ˜Š",2019-04-17T03:06:55Z,1,,ham
Hasil Jackpot,Iklannya warbyasah,2019-04-13T18:06:36Z,1,0,spam
Cahya Pramestika,"Mantuuuull,kyk gini nich namanya kampanye menyatukan semua, bkn pakai embel2 agama,masa tujuan politik pakai agama,wlw gak bisa hadir tp bangga dan terharu liatnya,,GASPOOLLL PAK JOKOWI,INSYAALLAH DIRIDHOI MENANG LAGI..",2019-04-13T18:02:25Z,133,7,ham
suyani Ayu,"@moetthay ajjhe itu kelompok ente sendiri kan..,makane anda bicara wkwkwk ketahuan dah",2020-01-10T22:48:04Z,0,,ham
Lina Mardiyani,@moetthay ajjhe wah situ tau.. ikut terima juga ya..,2019-04-14T13:33:29Z,0,,ham
Cahya Pramestika,"@moetthay ajjhe astaghfiruallah,nyinyir sekali anda ini yaa,ingat saudaraku kita ini satu bangsa,dan kampanye itu bukti bhw rakyat msh respect sm presiden dgn segala kekurangan dan kelebihannya beliau jd kepala negara.",2019-04-14T11:08:19Z,0,,ham
moetthay ajjhe,Hanya duit 100 ribu dan nasi bungkus menyatukan rakyat indonesia....,2019-04-14T09:41:19Z,2,,ham
Umi Marlina,Btul skli sdra krn kita NKRI dilandasi pancasila uud 45 dn gbhn jdi terdiri dri bnyk latar blkng dn agama...bukan terdiri dri 1 rasa ati 1 suku ato 1 agama,2019-04-14T08:12:29Z,2,,ham
Nanda Prasty,"Betul bgt bung,",2019-04-14T03:24:01Z,1,,ham
Ms Kh,Betulll..,2019-04-14T01:43:19Z,1,,ham
rial ramadhan,17 april ingan TPS ( tusuk prabowo sandi ) acara konser di banggakan haha,2019-04-13T17:55:40Z,2,9,ham
Agung Gunandar,"rial ramadhan kampret gebleg, dungu, codot idiot haha",2019-04-14T08:39:25Z,0,,ham
Nana Sumarna,Dari pada denger tukang pitnah..mending konser,2019-04-14T03:09:34Z,0,,ham
Sweet Pea,rial ramadhan ngimpiiiii,2019-04-14T00:49:19Z,0,,ham
Dwi Prasetiyo,"Gan kalau pilih 02 ya silahkan ,nggak usah merendahkan 01,simple tohh",2019-04-13T23:35:48Z,0,,ham
arnold cartenz,"Hahahahahaa.. ternyata ada kampret...
Kampret bela2 gak tidur siang untuk nont kampenya Pak Dhe",2019-04-13T21:45:13Z,0,,ham
Mayanti76 maya,Awas ach meja jebol...sampa2gebrak meja...plgi keok brp x aduh,2019-04-13T20:56:12Z,0,,ham
Alfian Jen,Di tunggu stroknya yaa 17 april,2019-04-13T20:18:59Z,0,,ham
Adjie Heryanto,"mas, wudhunya jangan pake gayung ya ...",2019-04-13T20:06:51Z,0,,ham
Ryan Topang1 Ryan Topang1,Kampret kepo... Wkwkwk...,2019-04-13T18:35:05Z,0,,ham
Sudianto Zega TV,"Semangat pak JOWOWI Rakyat selalu bersamamu.
Kerja kerja kerja
Salam 01",2019-04-13T17:49:35Z,32,0,ham
Ipan Setiawan,"Mantap 01..,,lupakan O2..Mikiiiir...!!!",2019-04-13T17:42:25Z,14,0,ham
Acmad Lkhan,Sip pakjokowi tetep 01,2019-04-13T17:37:34Z,8,0,ham
I Gede Manuke,Buset iklannya dikit amat sih,2019-04-13T17:33:15Z,5,0,ham
Hir Langa,Jokowi,2019-04-13T17:33:12Z,5,0,ham
Panjie Firdaus,mantul meriah seperti acara open ceremony asian games yo ayo hihi â˜ğŸ¶,2019-04-13T17:31:19Z,31,0,ham
A Anastassya Setiawan,"Woooww merindiiinngg liatnyaaa !!! Terlalu sangat amat banyak masyarakat yang mendukung orang baik satu ini !!! JOKOWI PASTI MENANG !!! AMIINN ... Aura positifnya tuh nyampe banget .. seriusan .. JOKOWI 2 PERIODE !! AMIINN .. SehatÂ² terus Pa Jokowi - Pa Ma'aruf Amin , Di Berikan umur yang berkah , di lancarkan segala urusan yang ada didepan .. KAMI BERSAMA JOKOWI !",2019-04-13T17:28:31Z,90,2,ham
Faturoh Fatur,Insa alloh menang tpi kemarin teman2 kita yg ada d hong kong ada masal d TPS,2019-04-15T08:15:07Z,0,,ham
Aayasog A.,Aminnn ya allah,2019-04-13T20:45:10Z,2,,ham
Iroel Anam,"Kampanye 02 sholat subuh berjamaah, dzikir bersama, dan do'a bersama para ulama kyai dan habaib. Kampanye 01 nyanyi"" jingkrak"" seneng""tp ada sholawatnya jg pas ust yusuf mansyur beri pidati.. Pilihannya ya tersera kalian ğŸ˜ğŸ˜ğŸ˜",2019-04-13T17:23:17Z,0,6,ham
Agung Gunandar,"Iroel Anam diem loe codot gebleg, dasar kampret sinting,haha",2019-04-14T08:43:52Z,0,,ham
Amru Ciyeehhh,"Ini namya kampanye akbar, pesta demokrasi tong.. Emng golongan lu kampanye akbar ko isinya kumpulan ulama2 badut politik..ciyeeehhh ngiri yah, kita mah happy donk, emng ente sirik mulu..colli dlu sana",2019-04-14T08:18:01Z,0,,ham
manik moyo,"Hhhhhhheee sok alimmmmmm....
Klo klah ngomong klah aj.",2019-04-14T04:01:28Z,0,,ham
Alex Saja,Sholat berjamaah kok perempuan laki2 campur aduk.....itu sah g ya.wkkkkk,2019-04-14T02:24:46Z,1,,ham
Sweet Pea,"Dari dulu Indonesia kan Pancasila punya banyak agama, suku bahasa dan ras dll kok, ini harga mati. Indonesia bukan Islam doank",2019-04-14T00:50:10Z,1,,ham
Adjie Heryanto,mudah2an wudhunya ngga pake gayung ...,2019-04-13T20:07:19Z,1,,ham
Bunga Layu,â˜ï¸ğŸ‘ğŸ‘ğŸ˜ğŸ˜ğŸ˜ğŸ˜ğŸ˜,2019-04-13T17:14:05Z,2,0,ham
Agus Sragentina,madep mantep pak jokowi amin ya robbal Alamin  Kami dari Taiwan tetap pak jokowi pengalaman walikota gubernur presiden fakta,2019-04-13T17:14:02Z,66,1,ham
Inggi Maudjik,"TNI polriku selamat kan NKRI ku ygmau di rampas habib,turunan asing,suara anak pribumi,merdeka,",2020-11-29T18:35:23Z,0,,ham
Banu Fakhir,Indonesia indah 01,2019-04-13T17:08:42Z,7,0,ham
bejo widodo,Yang rebutan NASI bungkus koq gak ada beritanya yaaa,2019-04-13T16:48:48Z,2,4,spam
bejo widodo,https://youtu.be/KI5RZa5ZFjQ,2019-04-14T10:13:47Z,0,,spam
Genaly Alamsyah,"Inget umur bro, kasihan nanti punya keturunan yg isinya keluarga hoax",2019-04-14T09:59:11Z,0,,ham
Gadiel Caesar Elkana,"Udah tua masih aja suka nyebar hoax,, ti ati besok bisa aja mati ,, tanggungan dosa lho wk",2019-04-13T22:45:44Z,0,,ham
Muji Kasino,Mang ga ada aku yg ikut hadir dari pagi,2019-04-13T17:33:34Z,0,,ham
Umar Saifullah,Pendukung pak jokowi.... Lebih santai ketawa gc emosi. Gc saling... Menjatuh kan,2019-04-13T16:48:13Z,37,3,ham
Dedeh Laekha,Pk jokowi memang luarbiasa lanjutkan pk.,2019-04-13T18:17:53Z,1,,ham
Dedeh Laekha,Tenang nahagia pokoe luarbiasa,2019-04-13T18:16:28Z,1,,ham
Dedeh Laekha,Kampanye pk jokowi nenar2  luarbiasa. Dibandingkan  kampanye nya 02,2019-04-13T18:15:14Z,1,,ham
Kota Ponsel,"Saking ramenye gw g ke sorot kamera,,",2019-04-13T16:44:40Z,8,6,ham
Reny sama aku juga jadi baper Reny,Lgian knp kamu sembunyi di blkng pnggung,2019-04-16T10:18:26Z,0,,ham
Rina Komalasari,ğŸ˜ƒğŸ˜ƒğŸ˜ƒ,2019-04-15T21:03:34Z,0,,ham
LAMBANG 77,ğŸ˜ğŸ˜ğŸ˜ğŸ˜,2019-04-14T21:34:41Z,0,,ham
YT Tole,"Hahahaahahhahahha terharu diriku. 
Gak apa2 bro. yg penting 01juara",2019-04-14T07:40:47Z,0,,ham
Sweet Pea,Semoga Pak Dhe menang,2019-04-14T00:43:00Z,0,,ham
Muhamad Muhamad,ğŸ˜‚ğŸ˜‚ğŸ˜‚ğŸ˜‚,2019-04-13T16:50:34Z,0,,ham
Jekson Dedy,Semoga para alim ulama dan juga para petinggi agama lainnya siap jaga indonesia dan membantu pak jokowi memwujudkan indonesia berasas pancasila dan penuh cinta kasih.,2019-04-13T16:35:15Z,25,1,ham
suhendrik cb,Oooooooooooooooooooooooooooooooooooooooooooooooooooooooooooooooooooooooooooooooooooooooooooooooooooooooooooooooooooooooooooooooooooooooooooooooooooooooooooooooooooooooooo9ooooooooooooooooooooooooooooooooooooooooooooooooooooooooooooooooooooooooooooooooooğŸ˜ğŸ˜ğŸ¤£ğŸ¤£ğŸ¤£ğŸ¤£ğŸ¤£ğŸ˜ğŸ˜ğŸ¤£ğŸ¤£ğŸ˜ğŸ˜ğŸ˜ğŸ˜ğŸ˜ğŸ˜ğŸ˜ğŸ˜ğŸ˜ğŸ˜ğŸ˜ğŸ˜ğŸ˜ğŸ˜ğŸ˜ğŸ˜ğŸ˜ğŸ˜ğŸ˜ğŸ˜ğŸ˜ğŸ˜ğŸ˜ğŸ˜ğŸ¤£ğŸ˜ğŸ˜ğŸ˜ğŸ˜ğŸ˜ğŸ˜ğŸ˜ğŸ˜ğŸ˜ğŸ˜ğŸ˜ğŸ˜ğŸ˜ğŸ˜ğŸ‡²ğŸ‡¾ğŸ¤£ğŸ¤£ğŸŒğŸŒğŸŒğŸŒğŸŒ,2022-01-05T21:16:53Z,0,,ham
Jekson Dedy,"Benar benar merinding aku dengar sahlawat di gbk hari ini...walaupun aku kristen tapi aku juga cita islam dan agama lainnya krna dikeluarga besar ku kami sdh ada yg  memeluk agama islam dan hindu...

Jaya indonesiaku 
Tetaplah jadi perkasa di bumi pertiwi bersama org pekerja keras dan santun.



Nkri harga mati selamat tinggal jakarta.",2019-04-13T16:32:48Z,70,13,ham
Lidia Sehatang,Tuhan membrktimu selalu. Saya terharu baca komenmu. Kita semua memang bersaudara tdk ada gunanya saling hina dan benci.,2019-04-16T10:14:20Z,0,,ham
Jekson Dedy,@Cahya Pramestika jaga nkri krna nkri itu wajah kt rakyat indonesia seutuhnya..,2019-04-14T15:57:22Z,1,,ham
Cahya Pramestika,"@Jekson Dedy sy muslim dan byk berteman dgn lain agama,suku dan ras,buat sy perbedaan apapun kita bersaudara,Saling menghargai,toleransi insyallah damai slalu saudaraku,.mari kita jaga keutuhan negri kita tercinta..ğŸ™ğŸ™",2019-04-14T15:42:43Z,2,,ham
Cinta Suci,"@Jekson Dedy aq punya tmn orang kristen,,Alhamdulillah baik banget kak,,,saling rankul,,,selalu ngucapin salam ke saya",2019-04-14T02:45:18Z,2,,ham
maro alamtana,"Betul saya islam tpi aku ttp suka dengan agama lain,  yg penting kita saling menghargai,",2019-04-14T02:38:29Z,2,,ham
ZHEYNAL ARIF,Hati hati dijalan saudaraku... #NKRIHargaMati,2019-04-14T00:51:01Z,0,,ham
macan tutul,Menangkaaan,2019-04-13T22:40:39Z,0,,ham
Jekson Dedy,@Mira Salim mantap saudaraku....jaga indonesia,2019-04-13T22:26:29Z,0,,ham
Jekson Dedy,@Cahya Pramestika terima kasih saudaraku....kita indonesia mari kita jaga indonesia tercinta..,2019-04-13T22:25:35Z,1,,ham
Cahya Pramestika,"@Jekson Dedy kita semua sama satu Indonesia saudaraku,mari kita bersatu buat Indonesia,salam damai slalu saudaraku..ğŸ™ğŸ™",2019-04-13T18:10:43Z,1,,ham
Mira Salim,"@Jekson Dedy ini pesta rakyat Dr suku agama yg berbeda bersatu, bukan  khusus ulama kyai saja
Wlu beda agama kita berdoa tetap sama dng masing"" kepercayaan",2019-04-13T17:14:39Z,2,,ham
Jekson Dedy,@Mira Salim terima kasih....hari ini aku benar benar sedih melihat kehebatan negara ini dan semoga nantinya 17 april semua yg hadir di GbK memilih jokowi dan kiai maruf amin agar indonesia maju dan berumat yg berakhlak mulia dan saling merangkul satu sama yg lainnya dlm kasih yg penuh berkat...,2019-04-13T17:06:52Z,4,,ham
Mira Salim,Islam Kristen Budha Indonesia itu satu sodara tetap bersatu tetap saling menghargai perbedaan saya orang Islam  kita tetap satu negara adalah sodara,2019-04-13T16:57:06Z,4,,ham
Gado Gado,Keren ......,2019-04-13T16:31:07Z,4,0,ham
Cinta Yang hilang,"Kumpulan 01 mah dlm acara apapun,gk ada wartawan yg d keroyok ya?ğŸ˜ğŸ˜semua rukun,dari golongan manapun,,01â¤ğŸ‘",2019-04-13T16:29:07Z,42,0,ham
X_must,"Sangat disayangkan jk politik melibatkan unsur agama sbg senjata kampanye.... 
Spt inilah reall kampanye yg menyatukan aspirasi.",2019-04-13T16:21:41Z,27,1,ham
risky aja,Iya bawa2 agama tau,2019-04-20T08:26:56Z,1,,ham
Tina Tina,Mantap 01 yessss,2019-04-13T16:14:08Z,10,0,ham
Andi Jufrianto,Jokowi kok di lawanğŸŒ¹ğŸŒ¹ğŸŒ¹ğŸŒ¹ğŸŒ¹,2019-04-13T16:00:43Z,51,0,ham
Anna Anna,Itulah indonesia beragam agama suku dan ras tpi tetap satu juga,2019-04-13T15:41:25Z,109,0,ham
Imah Imah,kmpret mriang lihat acara jokowidiGBKYGHEBOH&RAMEMERIAHBNGTBERJUTAJUTAUMAT,2019-04-13T15:39:22Z,48,5,ham
Galih MotoVlog,Sekarang pak Jokowi sudah menang tapi yang sebelah belom bisa move on,2021-04-25T13:00:20Z,1,,ham
Umi Marlina,@YT Tole iya btul sdrakuuh bhw ulama2 diblkng pk yai mbah maaruf dn pakde owi adl kyai2 sufii yg tunggi maqom dn ilmu ketauhidan dn ketawadhuannya...perlu diingat uas uah dn aagym adl murid2 dri kyai yg sufi2 diblkng pke de owi dn mbah kyai Maaruf amin...,2019-04-14T08:09:28Z,1,,ham
Rizal Pahlafi,@YT Tole punya barisan ulama yah. Siapa nih ulama.a? Abu janda? TGB? UYM? ğŸ˜,2019-04-14T08:04:09Z,0,,ham
YT Tole,"@Rizal Pahlafi lah apa ngaruhnya.
Dikira 01 gak punya barisan ulama yah. 
Emang ustad cuma uas doank.",2019-04-14T07:31:42Z,7,,ham
Rizal Pahlafi,Cebong kelabakan kaya kepanasan liat pak Prabowo - UAS ğŸ˜‚,2019-04-14T04:07:20Z,2,,ham
Imah Imah,"siiiiipp,  # jokowi2pttejokowi  walau 1000000 hoaxttep jokowibrooo, biardebat1000xttepjokowi2p",2019-04-13T15:37:13Z,16,0,ham
Nikky Bella,"Codott biar ngehoax aja,,,,, cebong riang gembira...",2019-04-13T15:25:18Z,121,10,ham
namirah hasan,"Cantik2 otak ny tolol sm.seperti kubu2 02, org cerdas pilih 01 bapak jokowi ma'ruf amin. Org bodo pilih 02 sebab arah ny g jelas ,mending pilih yg jelas program kerjanya nyata..",2019-04-26T20:15:19Z,1,,ham
bruh,"""Kalau gak mau kesasar, ya jangan jadi kampret""",2019-04-19T11:41:36Z,0,,ham
telor ceplox,HAHAHA,2019-04-15T19:35:09Z,0,,ham
Demi Sista,#SalamGigitJari #GuaKapokPilihJokowi,2019-04-15T13:58:35Z,0,,ham
Vthreea Nuha,cie kepo ya di rumahnya cebonggg,2019-04-15T00:31:44Z,0,,ham
Erni wati,hahaha...codot nya itu lo yg bikin ketawa...,2019-04-14T09:22:59Z,0,,ham
Dhadha Kiyut,Sip lah...,2019-04-14T03:55:34Z,0,,ham
SK ROG,Dia itu cm komen sarkas. Kenapa yg nanggepin jd pada nge-gas. Ngakak gw ama netijen Indonesia ğŸ˜‚,2019-04-14T02:38:03Z,0,,ham
mbk un,cebong slalu hepyy ...ğŸ‘ğŸ‘,2019-04-13T23:55:33Z,3,,ham
Hacker Junior,Nih contohnya kampret yang kepanasan ğŸ˜‚ğŸ˜‚,2019-04-13T21:01:33Z,1,,ham
Suriani73 Suriani73,Bunda HettyğŸ‘ğŸ‘ğŸ‘ 01 2 periode jokowi Amin yes yes yes,2019-04-13T15:21:46Z,49,1,ham
fantasi rider,ga sangka ya.. gua kira ke 02,2020-11-30T17:12:57Z,0,,ham
Dona Chairunisah,"#jokowi2periode 
#indonesiamaju
ğŸ–’ğŸ–’ğŸ–’ğŸ–’ğŸ–’ğŸ–’ğŸ–’",2019-04-13T14:52:11Z,0,0,ham
Elwinasaya setuju pendapat anda Ridwan,"Sama rata = sama rasa 
Itulah program Jokowi .",2019-04-13T14:28:27Z,84,0,ham
Eka Zefanya,"#2019TetapJokowi
ğŸ‘ğŸ‘ğŸ‘ğŸ‘ğŸ‘ğŸ‘ğŸ‘",2019-04-13T14:16:05Z,35,0,ham
a A,Mantap pak jokowi amin.. salam âœŒ preode,2019-04-13T14:15:44Z,89,1,ham
Aayasog A.,Aminn,2019-04-13T20:36:32Z,0,,ham
Agung Dwi Susilo,KAMPANYE BEDA KELAS SAMA  02..  01UDANG  KONSER. DANGDUT. JOGET2 EROTIS. WKWKW  PADAHAL WAPRESNYA KYAI.. LOLL,2019-04-13T14:12:05Z,3,20,ham
Ima Pesek,Jgn di buly kasihan  ntar gila kayak junjunganyağŸ¤£ğŸ¤£ğŸ¤£ğŸ¤£,2019-04-17T05:05:59Z,0,,ham
Agung Gunandar,"Agung Dwi Susilo kampret penculik,penjahat ham,dasar codot sinting, muka loe persis kampret haha,, dasar idiot kampret",2019-04-14T08:41:33Z,0,,ham
Amru Ciyeehhh,"Makanya blajar lagi tentang pesta demokrasi dek, pesta demokrasi kampanye akbar ko malah jadi acara kumpulan ulama2 badut politik..wakwakwk ngiri yah wakwkwkkw",2019-04-14T08:15:10Z,0,,ham
Alex Saja,02 kok sholat campur aduk laki2 sama wanita...tu sholat nya sah g ya???wkkkkk,2019-04-14T02:26:42Z,0,,ham
Mayanti76 maya,Yg tolol mah wowo jujungan loe...ini waktu ya sholat mlah minum kopi kan goblok...,2019-04-13T21:03:19Z,0,,ham
Adjie Heryanto,"azan mas, waktunya ngopi ...",2019-04-13T20:08:15Z,0,,spam
Teguh Teguhmx,Buat om dan tante gk usah ngladenin sikampret gila satu ini..ntar juga mati2 sendiri.ğŸ˜ƒğŸ˜ƒ,2019-04-13T18:24:13Z,0,,ham
RDTCH,"Different class between ğŸ‘ğŸ»Voters and âœŒğŸ»Voters, ğŸ‘ğŸ» means quality, âœŒğŸ» means victory, which better? It depends how you choose, is that because your quality or just need the victory?
Be a smart voters ğŸ‘ğŸ»",2019-04-13T17:47:28Z,0,,ham
chandra lesmana,"Yang nama pesta demokrasi ya harus seperti ini penuh dengan kebahagian dan suasana riang,, bukan malah ibadah di jadikan ajang",2019-04-13T17:40:18Z,0,,ham
Suhartini Botok,Ini acara untuk semua stiap suku stiap semua agama untuk stiap semua rakyat indonesia....jadi anda pret jgn asal nyinyir ae pintere,2019-04-13T16:19:25Z,0,,ham
keyzha nurkofifah humairoh,"Ya jelas beda kelas jauhhh..jauhhhhh bget....02mah lewat....gk ada apa2nya.wowo mah bisanya cuman meledak2..shalat kgk pecus,sholawat kgak pecus...tapi sok agamis.",2019-04-13T16:12:46Z,1,,ham
ms dahlan,"@Agung Dwi Susilo ,,,ğŸ¦‡ğŸ¦‡ğŸ¦‡ğŸ¦‡ğŸ¦‡ğŸ¦‡ kampret kbakaran jenggot",2019-04-13T16:12:39Z,1,,ham
Iyam Nuryami,"Yah warqa indonesia kan bukan hanya muslim tapi ada juga non muslim disini di kampanye pa jokowi semua agama yg berbeda2 bersatu karna Kami warga indonesia,,,,",2019-04-13T15:58:07Z,1,,ham
Agung Dwi Susilo,Wkwkwk..rame nih. Say helloo cebong's.,2019-04-13T15:53:06Z,0,,ham
Billa,disini tdk memikirka 1orang walaupun cawapres ny ulama....tpi untuk masyarakat menghibur Dan bergembira itu lah jokowi-ma'ruf,2019-04-13T15:46:55Z,3,,ham
Nikky Bella,"Emang U pikir indonesia cm agamanya Islam aja... otak u cupet.. kita cari pemimpin yg agamis tp bs merangkul semua.. g ky  capresmu.. agamanya apa sihhh ? Joget2 natal jg, djak sholawat g bsa, bu yeny disuruh jd imam. Jd km jngan ngomong in agama klau capresmu blm bner jlanon agamanya..",2019-04-13T15:28:57Z,3,,ham
Captain Bass,@Agung Dwi Susilo itu imamnya dmn? Trus yg diatas pd ikut sholat ga?,2019-04-13T15:10:16Z,2,,ham
Agung Dwi Susilo,@SF9 Fantasy wkwkwk. Mari belajar lebih giat lagi agamanya mbak.,2019-04-13T15:02:33Z,1,,ham
SF9 Fantasy,Sholat aja empet2an wanita laki2 bersntuhan. Pdhl menurut ajaran agama gak sah tuh,2019-04-13T14:25:05Z,3,,ham
abc 123,"Lah sono???malah calonnya yg joget2,lepas baju,threw away between many peoples,ga malu tuuuhhh",2019-04-13T14:18:39Z,3,,ham
Dedi Kurniawan,Kok pas nyebut partai PPP ga nyebut romahurmuzy?,2019-04-13T14:09:23Z,3,2,ham
Sulaiman Limp,Ya ALLAH Buanglah jauh2 para koruptor di sekeliling jokowi...agar pak jokowi bisa lebih fokus membangun indonesia,2019-04-14T02:24:09Z,0,,ham
Ryan Topang1 Ryan Topang1,"Penjahat nyusup Jokowi, harus di basmi. Indonesia harus bersih dari PUNGLI",2019-04-13T18:32:55Z,1,,ham
ucing kota,"live ini yang ditunggu2, yang ga bisa nonton ke GBK... thanks metro",2019-04-13T14:01:22Z,103,0,ham
NKRI Harga Mati,Mantab pak jokowiğŸ˜˜ğŸ˜˜ğŸ˜˜ğŸ˜˜,2019-04-13T13:56:32Z,49,0,ham
Uce Hermawan,biarkan kampret nyinnyir mungpung madih ada waktu,2019-04-13T13:53:12Z,4,0,ham
Wanto Jar,Saya dan teman saya hadir dalam rangka menonton konser slank dan artis ibukota tetapi maaf pilihan tetap 02 pas.,2019-04-13T13:35:56Z,7,20,ham
poppy herawati,"Dianaa ruandd, kamu ketahuan... soalnya acara Minggu kemarin gak seperti ini, yang ono cuma gebrak meja.... wkwkwkwkwkwk ğŸ˜‚ğŸ˜‚ğŸ˜‚. Kacian deh lu",2019-04-14T01:32:48Z,0,,ham
arnold cartenz,@ dianaa ruandd manusia MURAHAN cri gratisan.. dia jujur sebagai pemilik mental BLT n subsidi,2019-04-13T21:49:28Z,1,,ham
abel pratama,apapun pilihan llu gaa penting sama sekali buat jalan nya kampanye td ....,2019-04-13T20:34:17Z,0,,ham
Alfian Jen,Nga di kasi duit ya ama wowo,2019-04-13T20:20:04Z,1,,ham
an channel,Yg kmaren gak seru ya ?? ğŸ˜‚,2019-04-13T20:02:18Z,2,,ham
Cahya Pramestika,"Ngakak Dot Com,ad kampret munafik cr gretongan,.ğŸ˜ğŸ˜ğŸ˜",2019-04-13T18:19:01Z,2,,ham
samuel Kristanto,Hahahaha kamprettttt gratisann,2019-04-13T16:38:48Z,1,,ham
Cinta Yang hilang,"Dianaa,,berarti benar,codot mah suka yg gratisan hhhhhh pantesaaan nyinyir mulu di ksh mahal sedikit,,cebong mah mana ada yg mau nimrung acara codot.mental kere luh...munafiq",2019-04-13T16:24:26Z,3,,ham
Suhartini Botok,"Codot sukanya nyungsup cari jambu, mangga gratisan ya haha",2019-04-13T16:13:57Z,2,,ham
ms dahlan,"ada kampret mlarat pingin lihat slank kok nyamar kwkwkwk, njunjungan kemarin yg  ada nenok warisman ma simpatisan hti ya preet dsarğŸ¦‡ğŸ¦‡ğŸ¦‡ğŸ¦‡ğŸ¦‡",2019-04-13T16:08:52Z,1,,ham
Picisan Roman,Loe nontonnya yg sambil bergelantungan itu ea prettt wkwkwkwk,2019-04-13T16:01:18Z,1,,ham
Ronald Davies,Miskin banget sih loh sampe nyungsep krn pengen nonton concer gratisan ğŸ¤®ğŸ˜‚,2019-04-13T15:19:54Z,1,,ham
Tembonk,Mu jdi mta2 n mu nyinyir sepi psti ğŸ¤£ğŸ¤£ğŸ¤£ tpi trnyta eng ing eng ups sory w seuzon,2019-04-13T15:19:03Z,1,,ham
Ezi TVS,dianaa ruandd kasian amat lu tong bela-belain jd bunglon cuman pengen liat slank hahaha,2019-04-13T15:04:35Z,1,,ham
MOMO MOMO,"dianaa ruandd codoooot cari gratisanğŸ¤£ğŸ¤£ğŸ¤£ğŸ˜‚karena nyadar kubu prabowo tidak didukung artis top,artis pendukung prabowo cuma si botak dan muljembut ğŸ¤£ğŸ¤£ğŸ¤£ğŸ¤£",2019-04-13T15:02:15Z,0,,ham
Ranti muji Rahayu,Raimu rai golek gratisan ğŸ˜‚ ğŸ˜‚ ğŸ˜‚ ğŸ˜‚,2019-04-13T14:17:25Z,0,,spam
Ranti muji Rahayu,Rai mu rai gratisan ğŸ˜‚ ğŸ˜‚ ğŸ˜‚ ğŸ˜‚ ğŸ˜‚,2019-04-13T14:16:40Z,0,,spam
Naila Assyifa,Kasian kampret harus berpura2 jd cebong hnya utk melihat konser bareng jokowiğŸ˜†ğŸ˜†,2019-04-13T14:12:05Z,1,,ham
Sucen Agasa,dianaa ruandd sakarepmu sing penting kepalanya jgn dibalik balik nanti nyungsepğŸ˜‚ğŸ˜‚ğŸ˜‚,2019-04-13T14:11:35Z,0,,ham
Eka Zefanya,hahaha :v ngakak.. gada duit ya buat bayar konser nya?? nyari gratisan? :v,2019-04-13T14:09:09Z,1,,ham
eva zannah,semangaat  tts,2019-04-13T13:30:28Z,10,0,ham
DARAH PRIBUMI,Nasbung mana nasbung??,2019-04-13T13:18:20Z,1,7,spam
DARAH PRIBUMI,"ms dahlan 
Wkkwwkkwk...ini yh si kafir yg ngaku org ponpes gontor.    ğŸ‘‰ğŸ–ğŸ‘ˆ",2019-04-13T17:08:48Z,0,,ham
Dedi Kurniawan,"@Cah Solo Kok lu ada dimana mana sih? Heran deh, cebong bisa membelah diri ya?",2019-04-13T16:25:17Z,0,,ham
Dedi Kurniawan,"Iya tadi dapet nasi bungkus kok, tadi aku dateng cuma pengen ngeramein doang sama bisa liat konser plus dapet nasi bungkus",2019-04-13T16:24:22Z,0,,ham
ms dahlan,codotğŸ¦‡ğŸ¦‡ğŸ¦‡ğŸ¦‡ğŸ¦‡ğŸ¦‡kbakaran jenggot,2019-04-13T16:17:31Z,0,,ham
Suhartini Botok,Kampret apa pret,2019-04-13T16:11:42Z,0,,ham
Cah Solo,Asuu,2019-04-13T16:01:00Z,0,,ham
isna ria,Drmh sy bnyk kakak mau bungkusin brpa....,2019-04-13T14:55:47Z,1,,spam